workload,slot,rank,host,vendor,year,event,median_per_1000,minimum,maximum
l1_resident,cache_references,1,artemisia,Intel,2023,cache-references,0.000828125,0.000359375,0.0010625
l1_resident,cache_references,2,skylark,AMD,2019,cache-references,0.033171875,0.0295,0.039078125
l1_resident,cache_references,3,sunbird,Intel,2014,cache-references,0.08165625,0.03990625,0.755265625
l1_resident,cache_references,4,thunderbird,Arm,2020,cache-references,1000.000859375,1000.00065625,1000.00515625
l1_resident,cache_misses,1,sunbird,Intel,2014,cache-misses,0.0,0.0,7.8125e-05
l1_resident,cache_misses,2,artemisia,Intel,2023,cache-misses,0.000546875,0.000453125,0.0005625
l1_resident,cache_misses,3,skylark,AMD,2019,cache-misses,0.00071875,0.00053125,0.00121875
l1_resident,cache_misses,4,thunderbird,Arm,2020,cache-misses,0.011359375,0.007890625,0.018171875
l1_resident,l1_loads,1,sunbird,Intel,2014,L1-dcache-loads,999.9445,999.939859375,999.981359375
l1_resident,l1_loads,2,thunderbird,Arm,2020,l1d_cache_rd,1000.00065625,1000.00040625,1000.001859375
l1_resident,l1_loads,3,artemisia,Intel,2023,L1-dcache-loads,1000.00284375,1000.00284375,1000.002859375
l1_resident,l1_loads,4,skylark,AMD,2019,L1-dcache-loads,1000.009296875,1000.009109375,1000.009296875
l1_resident,l1_misses,1,thunderbird,Arm,2020,l1d_cache_refill_rd,0.018546875,0.01521875,0.0305
l1_resident,l1_misses,2,skylark,AMD,2019,L1-dcache-load-misses,0.030421875,0.0300625,0.03053125
l1_resident,l1_misses,3,artemisia,Intel,2023,L1-dcache-load-misses,0.16384375,0.131171875,0.175296875
l1_resident,l1_misses,4,sunbird,Intel,2014,L1-dcache-load-misses,0.8365625,0.150515625,1.759921875
l1_resident,stores_or_replacements,1,thunderbird,Arm,2020,l1d_cache_wr,0.000109375,0.000109375,0.000125
l1_resident,stores_or_replacements,2,artemisia,Intel,2023,L1-dcache-stores,0.000125,0.000125,0.000125
l1_resident,stores_or_replacements,3,sunbird,Intel,2014,L1-dcache-stores,0.000125,0.000125,0.000125
l1_resident,stores_or_replacements,4,skylark,AMD,2019,ls_refills_from_sys.ls_mabresp_lcl_l2,0.02521875,0.020109375,0.025515625
l1_resident,llc_loads,1,artemisia,Intel,2023,LLC-loads,0.000265625,0.00021875,0.000984375
l1_resident,llc_loads,2,skylark,AMD,2019,ls_refills_from_sys.ls_mabresp_lcl_cache,0.000265625,0.0001875,0.000296875
l1_resident,llc_loads,3,thunderbird,Arm,2020,ll_cache_rd,0.000921875,0.000421875,0.0011875
l1_resident,llc_loads,4,sunbird,Intel,2014,LLC-loads,0.121140625,0.059421875,0.17878125
l1_resident,llc_misses,1,skylark,AMD,2019,ls_refills_from_sys.ls_mabresp_lcl_dram,0.0,0.0,0.0
l1_resident,llc_misses,2,sunbird,Intel,2014,LLC-load-misses,0.0,0.0,0.0
l1_resident,llc_misses,3,artemisia,Intel,2023,LLC-load-misses,0.00025,0.000125,0.000421875
l1_resident,llc_misses,4,thunderbird,Arm,2020,ll_cache_miss_rd,0.00078125,0.00034375,0.003921875
l1_resident,dtlb_misses,1,skylark,AMD,2019,dTLB-load-misses,6.25e-05,4.6875e-05,7.8125e-05
l1_resident,dtlb_misses,2,artemisia,Intel,2023,dTLB-load-misses,7.8125e-05,1.5625e-05,0.00025
l1_resident,dtlb_misses,3,sunbird,Intel,2014,dTLB-load-misses,0.00140625,0.000875,0.00178125
l1_resident,dtlb_misses,4,thunderbird,Arm,2020,dTLB-load-misses,0.00171875,0.001421875,0.001828125
llc_sized,cache_references,1,thunderbird,Arm,2020,cache-references,1000.000421875,1000.00034375,1000.000453125
llc_sized,cache_references,2,artemisia,Intel,2023,cache-references,1000.0716875,1000.0578125,1000.10753125
llc_sized,cache_references,3,sunbird,Intel,2014,cache-references,1109.529625,1101.450390625,1114.721375
llc_sized,cache_references,4,skylark,AMD,2019,cache-references,2384.08284375,2381.46134375,2388.15828125
llc_sized,cache_misses,1,sunbird,Intel,2014,cache-misses,439.284296875,350.38528125,636.411765625
llc_sized,cache_misses,2,artemisia,Intel,2023,cache-misses,999.940046875,999.85240625,1000.00865625
llc_sized,cache_misses,3,thunderbird,Arm,2020,cache-misses,999.9999375,999.999859375,1000.000015625
llc_sized,cache_misses,4,skylark,AMD,2019,cache-misses,1026.161984375,1025.997484375,1029.43721875
llc_sized,l1_loads,1,sunbird,Intel,2014,L1-dcache-loads,919.143859375,907.6613125,931.14775
llc_sized,l1_loads,2,thunderbird,Arm,2020,l1d_cache_rd,1000.000265625,1000.00025,1000.000265625
llc_sized,l1_loads,3,artemisia,Intel,2023,L1-dcache-loads,1000.155546875,1000.1509375,1000.156859375
llc_sized,l1_loads,4,skylark,AMD,2019,L1-dcache-loads,1508.45103125,1449.447796875,1509.612484375
llc_sized,l1_misses,1,thunderbird,Arm,2020,l1d_cache_refill_rd,999.999984375,999.999953125,1000.000046875
llc_sized,l1_misses,2,skylark,AMD,2019,L1-dcache-load-misses,1034.201015625,1032.8745,1035.826765625
llc_sized,l1_misses,3,sunbird,Intel,2014,L1-dcache-load-misses,1706.934734375,1704.656828125,1731.9038125
llc_sized,l1_misses,4,artemisia,Intel,2023,L1-dcache-load-misses,1729.790953125,1719.247609375,1751.34509375
llc_sized,stores_or_replacements,1,artemisia,Intel,2023,L1-dcache-stores,0.000125,0.000125,0.000125
llc_sized,stores_or_replacements,2,sunbird,Intel,2014,L1-dcache-stores,0.000125,0.000125,0.000125
llc_sized,stores_or_replacements,3,thunderbird,Arm,2020,l1d_cache_wr,0.000125,9.375e-05,0.000125
llc_sized,stores_or_replacements,4,skylark,AMD,2019,ls_refills_from_sys.ls_mabresp_lcl_l2,14.43946875,14.131328125,14.485296875
llc_sized,llc_loads,1,skylark,AMD,2019,ls_refills_from_sys.ls_mabresp_lcl_cache,775.53225,769.918671875,779.34528125
llc_sized,llc_loads,2,artemisia,Intel,2023,LLC-loads,1000.114296875,1000.107203125,1000.24690625
llc_sized,llc_loads,3,thunderbird,Arm,2020,ll_cache_rd,1007.7564375,1006.762359375,1008.208328125
llc_sized,llc_loads,4,sunbird,Intel,2014,LLC-loads,1103.51503125,1101.691140625,1136.580765625
llc_sized,llc_misses,1,skylark,AMD,2019,ls_refills_from_sys.ls_mabresp_lcl_dram,270.626875,236.634640625,487.439171875
llc_sized,llc_misses,2,sunbird,Intel,2014,LLC-load-misses,404.66940625,364.282859375,991.86690625
llc_sized,llc_misses,3,artemisia,Intel,2023,LLC-load-misses,999.978296875,999.88728125,999.979484375
llc_sized,llc_misses,4,thunderbird,Arm,2020,ll_cache_miss_rd,1007.668390625,1006.39246875,1009.8344375
llc_sized,dtlb_misses,1,skylark,AMD,2019,dTLB-load-misses,508.646984375,0.010796875,509.298640625
llc_sized,dtlb_misses,2,artemisia,Intel,2023,dTLB-load-misses,870.74628125,870.11190625,871.115234375
llc_sized,dtlb_misses,3,sunbird,Intel,2014,dTLB-load-misses,871.65371875,870.798984375,875.504171875
llc_sized,dtlb_misses,4,thunderbird,Arm,2020,dTLB-load-misses,994.122859375,979.033203125,994.271875
beyond_llc,cache_references,1,thunderbird,Arm,2020,cache-references,1000.000328125,1000.000328125,1000.000328125
beyond_llc,cache_references,2,artemisia,Intel,2023,cache-references,1021.5411875,1019.897125,1039.9126875
beyond_llc,cache_references,3,sunbird,Intel,2014,cache-references,1596.844640625,1587.524265625,1633.822984375
beyond_llc,cache_references,4,skylark,AMD,2019,cache-references,2954.74296875,2917.933578125,2959.32234375
beyond_llc,cache_misses,1,thunderbird,Arm,2020,cache-misses,1000.000125,1000.0000625,1000.000140625
beyond_llc,cache_misses,2,artemisia,Intel,2023,cache-misses,1000.004453125,999.82490625,1000.039140625
beyond_llc,cache_misses,3,sunbird,Intel,2014,cache-misses,1000.007390625,1000.0053125,1000.007921875
beyond_llc,cache_misses,4,skylark,AMD,2019,cache-misses,1179.911375,1165.754109375,1182.569203125
beyond_llc,l1_loads,1,sunbird,Intel,2014,L1-dcache-loads,933.340453125,859.824703125,941.34728125
beyond_llc,l1_loads,2,thunderbird,Arm,2020,l1d_cache_rd,1000.000203125,1000.000203125,1000.000265625
beyond_llc,l1_loads,3,artemisia,Intel,2023,L1-dcache-loads,1000.155171875,1000.154265625,1000.164515625
beyond_llc,l1_loads,4,skylark,AMD,2019,L1-dcache-loads,1880.592109375,1834.634765625,1881.38815625
beyond_llc,l1_misses,1,thunderbird,Arm,2020,l1d_cache_refill_rd,1000.000078125,1000.000046875,1000.00009375
beyond_llc,l1_misses,2,skylark,AMD,2019,L1-dcache-load-misses,1008.34215625,1008.18684375,1008.36403125
beyond_llc,l1_misses,3,sunbird,Intel,2014,L1-dcache-load-misses,1923.076828125,1916.93115625,1923.510421875
beyond_llc,l1_misses,4,artemisia,Intel,2023,L1-dcache-load-misses,1925.02959375,1924.286,1925.26503125
beyond_llc,stores_or_replacements,1,thunderbird,Arm,2020,l1d_cache_wr,9.375e-05,9.375e-05,0.00015625
beyond_llc,stores_or_replacements,2,artemisia,Intel,2023,L1-dcache-stores,0.000125,0.000125,0.000125
beyond_llc,stores_or_replacements,3,sunbird,Intel,2014,L1-dcache-stores,0.000125,0.000125,0.000125
beyond_llc,stores_or_replacements,4,skylark,AMD,2019,ls_refills_from_sys.ls_mabresp_lcl_l2,3.02340625,2.92565625,3.045234375
beyond_llc,llc_loads,1,skylark,AMD,2019,ls_refills_from_sys.ls_mabresp_lcl_cache,122.981671875,122.55346875,123.39340625
beyond_llc,llc_loads,2,artemisia,Intel,2023,LLC-loads,1020.165046875,1017.1000625,1020.484515625
beyond_llc,llc_loads,3,thunderbird,Arm,2020,ll_cache_rd,1147.778234375,1137.258625,1154.464125
beyond_llc,llc_loads,4,sunbird,Intel,2014,LLC-loads,1609.058859375,1581.512171875,1619.558140625
beyond_llc,llc_misses,1,skylark,AMD,2019,ls_refills_from_sys.ls_mabresp_lcl_dram,873.21540625,872.84659375,874.20303125
beyond_llc,llc_misses,2,artemisia,Intel,2023,LLC-load-misses,999.98984375,999.943671875,1000.01471875
beyond_llc,llc_misses,3,sunbird,Intel,2014,LLC-load-misses,1000.001890625,1000.001171875,1000.002625
beyond_llc,llc_misses,4,thunderbird,Arm,2020,ll_cache_miss_rd,1142.191109375,1141.930015625,1155.20065625
beyond_llc,dtlb_misses,1,skylark,AMD,2019,dTLB-load-misses,879.493859375,879.330859375,880.183296875
beyond_llc,dtlb_misses,2,artemisia,Intel,2023,dTLB-load-misses,968.237796875,967.971109375,969.774171875
beyond_llc,dtlb_misses,3,sunbird,Intel,2014,dTLB-load-misses,971.118453125,969.118671875,973.023015625
beyond_llc,dtlb_misses,4,thunderbird,Arm,2020,dTLB-load-misses,998.558390625,998.550171875,998.594359375
