file,median,mean,std,q1,q3,p5,p95,outliers,sweep,stride,alignment,mode
initial_stride8_align0_moderandom_lines.csv,10.51953125,10.6128196796875,7.116049278397824,10.4765625,10.5625,10.421875,10.640625,27789,initial,8,0,random_lines
initial_stride8_align16_moderandom_lines.csv,10.47265625,10.570443421875,7.153007872959847,10.44140625,10.5078125,10.3984375,10.59765625,45736,initial,8,16,random_lines
initial_stride8_align32_moderandom_lines.csv,10.5546875,10.65549419921875,6.734352819866491,10.50390625,10.62109375,10.4296875,10.75390625,29147,initial,8,32,random_lines
initial_stride8_align48_moderandom_lines.csv,10.7265625,10.82359597265625,6.509825358990632,10.66796875,10.7890625,10.5859375,10.91796875,27909,initial,8,48,random_lines
initial_stride16_align0_moderandom_lines.csv,11.1875,11.27610801953125,6.81688389930114,11.10546875,11.265625,10.9765625,11.37109375,17810,initial,16,0,random_lines
initial_stride16_align16_moderandom_lines.csv,11.07421875,11.17347953515625,7.046337392317262,10.99609375,11.15234375,10.87890625,11.28515625,24944,initial,16,16,random_lines
initial_stride16_align32_moderandom_lines.csv,11.3203125,11.422927395507813,6.786297606461949,11.22265625,11.41796875,11.109375,11.59375,18169,initial,16,32,random_lines
initial_stride16_align48_moderandom_lines.csv,11.25,11.3749612265625,6.709644580263469,11.14453125,11.4140625,11.03515625,11.6015625,12117,initial,16,48,random_lines
initial_stride32_align0_moderandom_lines.csv,12.59765625,12.7665220390625,7.719622768248454,12.484375,12.75390625,12.3671875,13.12890625,41546,initial,32,0,random_lines
initial_stride32_align16_moderandom_lines.csv,12.859375,12.98676398046875,7.2316813414385726,12.68359375,13.05078125,12.515625,13.26171875,15897,initial,32,16,random_lines
initial_stride32_align32_moderandom_lines.csv,12.80859375,12.96966262109375,7.845939417868978,12.65234375,13.05078125,12.4609375,13.3046875,15530,initial,32,32,random_lines
initial_stride32_align48_moderandom_lines.csv,12.6796875,12.883337640625,7.127679744198766,12.5234375,13.02734375,12.34765625,13.40625,14000,initial,32,48,random_lines
initial_stride64_align0_moderandom_lines.csv,19.84375,20.07380561328125,8.661102339726998,19.625,20.06640625,19.26171875,20.58203125,46482,initial,64,0,random_lines
initial_stride64_align16_moderandom_lines.csv,21.12890625,21.3153631015625,9.303827256506155,20.828125,21.328125,20.41015625,21.69921875,32515,initial,64,16,random_lines
initial_stride64_align32_moderandom_lines.csv,20.35546875,20.6966018671875,9.710971258295736,20.12109375,20.82421875,19.796875,21.515625,23489,initial,64,32,random_lines
initial_stride64_align48_moderandom_lines.csv,20.59375,20.62962974609375,9.163883986446315,20.05078125,20.8515625,19.34765625,21.16796875,18054,initial,64,48,random_lines
initial_stride128_align0_moderandom_lines.csv,22.796875,23.0488495703125,9.728047928305394,22.56640625,23.0546875,22.37890625,23.3515625,25096,initial,128,0,random_lines
initial_stride128_align16_moderandom_lines.csv,25.65625,26.03609774609375,10.470402851746702,24.3671875,27.2890625,24.01953125,27.83203125,11225,initial,128,16,random_lines
initial_stride128_align32_moderandom_lines.csv,26.30859375,26.503642734375,10.25401432560215,26.01953125,26.5078125,25.54296875,26.89453125,35112,initial,128,32,random_lines
initial_stride128_align48_moderandom_lines.csv,24.40234375,24.6307129296875,9.71665405480015,24.01953125,24.67578125,23.8515625,24.96484375,30200,initial,128,48,random_lines
initial_stride256_align0_moderandom_lines.csv,27.41796875,27.68636694140625,10.157426902607654,27.24609375,27.59375,27.00390625,27.91796875,29730,initial,256,0,random_lines
initial_stride256_align16_moderandom_lines.csv,24.5546875,24.84583457421875,10.240266460468233,24.41015625,24.72265625,24.22265625,25.0234375,28463,initial,256,16,random_lines
initial_stride256_align32_moderandom_lines.csv,29.3671875,29.67232368359375,11.242016323701,29.22265625,29.53515625,29.01953125,29.859375,32626,initial,256,32,random_lines
initial_stride256_align48_moderandom_lines.csv,28.72265625,28.99095417578125,10.410663077789916,28.48828125,28.95703125,28.13671875,29.37890625,28114,initial,256,48,random_lines
initial_stride512_align0_moderandom_lines.csv,33.3359375,33.6191993515625,11.292723779396779,33.30859375,33.37109375,33.25390625,33.43359375,26433,initial,512,0,random_lines
initial_stride512_align16_moderandom_lines.csv,35.35546875,35.6456468203125,10.986986900647375,35.3359375,35.3984375,35.04296875,35.56640625,154946,initial,512,16,random_lines
initial_stride512_align32_moderandom_lines.csv,27.97265625,28.25734059765625,11.012030988218212,27.94921875,28.0,27.91796875,28.03125,22992,initial,512,32,random_lines
initial_stride512_align48_moderandom_lines.csv,32.79296875,33.10774633984375,11.401157866719881,32.77734375,32.80859375,32.734375,32.85546875,61778,initial,512,48,random_lines
dense_stride48_align0_moderandom_lines.csv,15.10546875,15.273804859375,7.945979927997529,14.94921875,15.26171875,14.73046875,15.53125,27973,dense,48,0,random_lines
dense_stride48_align16_moderandom_lines.csv,15.05859375,15.22348707421875,7.709625259919852,14.85546875,15.265625,14.59765625,15.5859375,23229,dense,48,16,random_lines
dense_stride48_align32_moderandom_lines.csv,14.6640625,14.8555189765625,8.021706991610005,14.44140625,14.921875,14.203125,15.29296875,25202,dense,48,32,random_lines
dense_stride48_align48_moderandom_lines.csv,14.5625,14.770514,7.819310988083006,14.3984375,14.7734375,14.19140625,15.22265625,36868,dense,48,48,random_lines
dense_stride56_align0_moderandom_lines.csv,16.625,16.8285364609375,8.341610233483998,16.44140625,16.82421875,16.1953125,17.19921875,30481,dense,56,0,random_lines
dense_stride56_align16_moderandom_lines.csv,16.8515625,17.03361255859375,8.164927202581215,16.61328125,17.06640625,16.2265625,17.4921875,37161,dense,56,16,random_lines
dense_stride56_align32_moderandom_lines.csv,16.10546875,16.31473640625,8.185820237457582,15.8984375,16.3046875,15.59375,16.734375,43412,dense,56,32,random_lines
dense_stride56_align48_moderandom_lines.csv,17.58984375,17.851091328125,8.553131807432521,17.34765625,17.94140625,17.09765625,18.5625,22766,dense,56,48,random_lines
dense_stride60_align0_moderandom_lines.csv,19.6328125,19.88940313671875,8.97009627539739,19.41796875,19.86328125,19.125,20.31640625,38355,dense,60,0,random_lines
dense_stride60_align16_moderandom_lines.csv,18.48046875,18.72290382421875,9.055495297585885,18.296875,18.66015625,18.02734375,19.08203125,46402,dense,60,16,random_lines
dense_stride60_align32_moderandom_lines.csv,18.609375,18.86439938671875,8.355451386959182,18.38671875,18.82421875,18.078125,19.31640625,45829,dense,60,32,random_lines
dense_stride60_align48_moderandom_lines.csv,17.89453125,18.09603567578125,8.50712733756121,17.671875,18.0859375,17.3125,18.4765625,42199,dense,60,48,random_lines
dense_stride64_align0_moderandom_lines.csv,19.53515625,19.8604340859375,9.307667242809742,19.36328125,19.9765625,19.125,20.41796875,20822,dense,64,0,random_lines
dense_stride64_align16_moderandom_lines.csv,20.2734375,20.60003956640625,8.764066260149356,20.078125,20.61328125,19.84375,21.296875,36094,dense,64,16,random_lines
dense_stride64_align32_moderandom_lines.csv,20.08984375,20.468561,8.881248500137678,19.77734375,20.86328125,19.41015625,21.4296875,16059,dense,64,32,random_lines
dense_stride64_align48_moderandom_lines.csv,20.7109375,20.9885640390625,8.718652565311501,20.4609375,21.0546875,20.2109375,21.39453125,25981,dense,64,48,random_lines
dense_stride68_align0_moderandom_lines.csv,19.78125,20.0588033984375,9.192976523218045,19.609375,19.96875,19.375,20.3828125,44670,dense,68,0,random_lines
dense_stride68_align16_moderandom_lines.csv,20.4609375,20.7409393984375,9.153525062534998,20.21875,20.69140625,19.92578125,21.20703125,44485,dense,68,16,random_lines
dense_stride68_align32_moderandom_lines.csv,20.95703125,21.14999383203125,9.099683052474001,20.6953125,21.16015625,20.27734375,21.49609375,30744,dense,68,32,random_lines
dense_stride68_align48_moderandom_lines.csv,20.7109375,20.956570796875,8.83338492100571,20.4921875,20.93359375,20.2109375,21.33203125,30643,dense,68,48,random_lines
dense_stride72_align0_moderandom_lines.csv,20.20703125,20.460616328125,9.301204497146703,20.01953125,20.40234375,19.78515625,20.76171875,34348,dense,72,0,random_lines
dense_stride72_align16_moderandom_lines.csv,19.6484375,19.913467328125,9.363538743603742,19.37890625,19.9921875,19.0859375,20.43359375,22199,dense,72,16,random_lines
dense_stride72_align32_moderandom_lines.csv,19.4296875,19.72572251953125,8.324644688250006,19.20703125,19.7421875,18.93359375,20.3984375,38024,dense,72,32,random_lines
dense_stride72_align48_moderandom_lines.csv,20.21875,20.5574366484375,9.008856115047632,19.9453125,20.734375,19.64453125,21.2734375,23645,dense,72,48,random_lines
dense_stride80_align0_moderandom_lines.csv,20.8984375,21.1243859140625,9.322682490985862,20.65234375,21.1328125,20.34765625,21.4921875,25036,dense,80,0,random_lines
dense_stride80_align16_moderandom_lines.csv,19.58984375,19.84595356640625,8.897252596646995,19.328125,19.87890625,19.0234375,20.375,31015,dense,80,16,random_lines
dense_stride80_align32_moderandom_lines.csv,19.35546875,19.7118499296875,8.891735143539483,19.09765625,19.82421875,18.84765625,20.5234375,29986,dense,80,32,random_lines
dense_stride80_align48_moderandom_lines.csv,20.96484375,21.2049660390625,9.622330903068383,20.6875,21.21875,20.30078125,21.68359375,35346,dense,80,48,random_lines
dense_stride96_align0_moderandom_lines.csv,19.7734375,20.01496536328125,9.381876434281791,19.51953125,20.05078125,19.13671875,20.55859375,33235,dense,96,0,random_lines
dense_stride96_align16_moderandom_lines.csv,20.58984375,20.7965424140625,9.11457751246012,20.35546875,20.80859375,20.015625,21.171875,27875,dense,96,16,random_lines
dense_stride96_align32_moderandom_lines.csv,20.390625,20.63878564453125,9.16171210674745,20.1328125,20.64453125,19.7421875,21.1171875,37231,dense,96,32,random_lines
dense_stride96_align48_moderandom_lines.csv,21.80859375,22.10641951171875,9.127305545116482,21.51953125,22.203125,21.1953125,22.828125,28600,dense,96,48,random_lines
control_random_stride8_align0_modefully_random.csv,18.22265625,18.6475505546875,9.033013463438648,18.046875,18.4375,17.82421875,20.68359375,98250,control_random,8,0,fully_random
control_random_stride64_align0_modefully_random.csv,32.57421875,33.2422218984375,11.974305565997282,32.109375,33.30859375,31.5625,37.96875,69556,control_random,64,0,fully_random
control_sequential_stride8_align0_modesequential_lines.csv,10.203125,10.29913497265625,6.93269710684916,10.19921875,10.2109375,10.19140625,10.23046875,71414,control_sequential,8,0,sequential_lines
control_sequential_stride16_align0_modesequential_lines.csv,10.1953125,10.29104929296875,7.692240097507877,10.1796875,10.203125,10.16796875,10.2265625,33258,control_sequential,16,0,sequential_lines
control_sequential_stride32_align0_modesequential_lines.csv,10.3046875,10.41328251171875,7.32365276710327,10.28515625,10.32421875,10.26171875,10.36328125,33068,control_sequential,32,0,sequential_lines
control_sequential_stride64_align0_modesequential_lines.csv,16.21875,16.3906077109375,8.552220145453369,16.0859375,16.35546875,15.890625,16.58984375,29866,control_sequential,64,0,sequential_lines
control_sequential_stride128_align0_modesequential_lines.csv,18.71875,18.8936971875,8.96146916122748,18.26953125,19.01953125,18.0703125,19.33203125,21613,control_sequential,128,0,sequential_lines
control_sequential_stride256_align0_modesequential_lines.csv,21.90234375,22.14009571484375,9.95597820403179,21.8515625,21.953125,21.78125,22.03515625,26036,control_sequential,256,0,sequential_lines
control_sequential_stride512_align0_modesequential_lines.csv,25.16015625,25.40646134375,11.115983148050304,25.08984375,25.23046875,25.00390625,25.33984375,24818,control_sequential,512,0,sequential_lines
control_sequential_stride56_align0_modesequential_lines.csv,10.8515625,10.983471359375,7.674144310056281,10.80078125,10.91015625,10.734375,11.01171875,28406,control_sequential,56,0,sequential_lines
control_sequential_stride72_align0_modesequential_lines.csv,16.203125,16.3963887734375,9.068094420612994,16.078125,16.33984375,15.89453125,16.5703125,30136,control_sequential,72,0,sequential_lines
