name,phase,bytes,reuse,pmu_enabled,n,mean,std,median,q1,q3,p05,p95,minimum,maximum,outliers,whisker_low,whisker_high,software_hit_rate,ci95_low,ci95_high,raw_sha256
timer_software,calibration,8192,1,False,1000000,59.917045,46.40934323461144,58.0,56.0,64.0,52.0,72.0,52,23175,20,52,75,0.921654,0.8812951499999999,0.95578375,7964ca11c92ef82a7fff32144a2f724eb7218a746da1f69b7c1cbdc8259eb3cb
hit_fit_software,calibration,8192,1,False,1000000,59.674415,48.09155131005627,56.0,54.0,65.0,52.0,72.0,52,23615,114,52,80,0.930246,0.90254465,0.956265925,e1ae07179243d90fd2406ab0f53b2f1194ff5df9aa49313af501a313a6da405e
miss_fit_software,calibration,524288,1,False,1000000,86.678645,48.27517848712704,88.0,80.0,92.0,72.0,96.0,52,17732,1420,62,110,0.004249,0.003630975000000001,0.004907199999999999,232cd6fa4fd4d3fa3496c6446a2405532811824120c8fe9ebedf0fe107a2809d
hit_check_software,calibration,8192,1,False,1000000,59.546823,61.93402791363298,58.0,54.0,64.0,52.0,72.0,52,24574,144,52,79,0.942011,0.915761225,0.9659513000000001,10d0da8fd2941a0c6585625ce71d5ea48a9695fd1a11321dea9e918fc266a951
miss_check_software,calibration,524288,1,False,1000000,86.802451,51.537200228500964,88.0,80.0,92.0,72.0,96.0,52,24829,910,62,110,0.003566,0.0030139999999999993,0.0041860249999999995,baa38c22199b955cbc35253097e3aa7bd9e9ce38ada7b564e8311660b69f41a5
counter_overhead_pmu,counter_control,8192,1,True,1000000,65.036095,54.83931580673646,65.0,58.0,70.0,54.0,75.0,52,24147,29,52,75,0.775997,0.7266564,0.8237014250000001,dfe77952ec9e0dd7295e7bb54b1a3ef36cbc0ed3f20d2038dcd048da42266a9d
reuse2_256k_r1_software,validation,262144,2,False,1000000,67.270266,61.95565139911971,59.0,56.0,84.0,52.0,92.0,52,23945,33,52,124,0.603787,0.5971346750000001,0.6086666,6b17351a498323865e8804cc2fbae2560cd4cbf8e317402bcef368042f6f9ebc
reuse2_256k_r1_pmu,validation,262144,2,True,1000000,67.430855,49.60532825180148,59.0,56.0,84.0,52.0,92.0,52,24369,27,52,124,0.594571,0.588807675,0.5992851,d283837bfdf484dc8b452886e0e72922affc268cc97cc01876eb40106c4d197c
reuse4_256k_r1_software,validation,262144,4,False,1000000,63.004379,60.7614241260387,56.0,54.0,68.0,52.0,88.0,52,23501,49351,52,88,0.761485,0.751375375,0.76889035,6ed410208a923f2158edfebf88ce559e08e55411172f957391bdb07329ff9a8e
reuse4_256k_r1_pmu,validation,262144,4,True,1000000,67.608065,54.63334582428367,64.0,56.0,72.0,52.0,96.0,52,23059,34471,52,96,0.650047,0.6255090000000001,0.6736823250000001,9f74410a7022fcdc1242dc0d157e5703a6aae7e05b8e85b47f696309ad919b8b
large_128m_r1_software,validation,134217728,1,False,1000000,291.9975,150.84274315243016,276.0,256.0,288.0,240.0,312.0,100,12316,30518,208,336,0.0,0.0,0.0,982f525984ae3dafffe2f69b39dc5e5c8f16b1d08b56ed151b4a9b84d1d1b819
large_128m_r1_pmu,validation,134217728,1,True,1000000,291.346748,148.06168854171725,276.0,256.0,288.0,240.0,312.0,100,12096,30203,212,336,0.0,0.0,0.0,84c179efb4f696835fb205a43cba882f69fd1b690d933e687f0d3930b9fe8e90
nonresident_128k_r1_software,validation,131072,1,False,1000000,58.439279,52.520039536924926,56.0,54.0,62.0,52.0,70.0,52,24781,13249,52,74,0.951992,0.9317835499999999,0.9702191750000002,5463e3a30bac9c64db533b540172bdc8dd845934bc2a80acac68cb9917fade50
nonresident_128k_r1_pmu,validation,131072,1,True,1000000,58.50217,60.692545895613094,56.0,54.0,62.0,52.0,70.0,52,23687,11631,52,74,0.956686,0.9370654,0.9740419999999999,b8d5ebfd13f6f671eb93b0c754f44a717a2a7674bc9a6340515b295d004de347
reuse8_256k_r1_software,validation,262144,8,False,1000000,59.504581,50.06305017689633,56.0,52.0,60.0,52.0,87.0,52,23418,111071,52,72,0.876497,0.8761849749999999,0.8768409999999999,aff3378483c5fd9a812c2975dd6128ccc072af9ed9d86cceaef393a5b3960213
reuse8_256k_r1_pmu,validation,262144,8,True,1000000,66.550857,53.31875018757989,68.0,56.0,72.0,52.0,96.0,52,24045,27836,52,96,0.679077,0.6534847249999999,0.705369575,a333ac351b26330cd56c8f8f4a742b22ce9bc7cf15a6c97a946f5dcc6fd9ee8b
resident_16k_r1_software,validation,16384,1,False,1000000,59.118966,38.95164780969922,56.0,54.0,64.0,52.0,70.0,52,23632,683,52,79,0.955681,0.933161375,0.9757883249999999,cad1b386eb2670ad0c39502cbbdff9c456989535a85d87983d519106723506b5
resident_16k_r1_pmu,validation,16384,1,True,1000000,59.319974,56.97027509710064,56.0,54.0,64.0,52.0,70.0,52,25300,714,52,79,0.951391,0.9275539750000001,0.9720824499999999,4e5b8fa0169c05637328988bf63746d35224be27975621c0d5be037bbb2a4380
boundary_48k_r1_software,validation,49152,1,False,1000000,58.207429,31.23484371995414,56.0,54.0,62.0,52.0,70.0,52,13920,645,52,72,0.967135,0.9472136749999999,0.9842612000000002,0abc7d57c63bd3844af3f7621909a8d65335d0fe1716064a3361a7bdae2b2fb5
boundary_48k_r1_pmu,validation,49152,1,True,1000000,58.050897,42.78488906723249,56.0,52.0,60.0,52.0,70.0,52,23859,1059,52,72,0.962199,0.9418717500000002,0.9806670750000003,9f13df0248a96f2883903aa786f88447f7fa284dea8dc3acc74a6c7e2d46dedf
deeper_8m_r1_software,validation,8388608,1,False,1000000,95.83788,59.53995382182958,96.0,88.0,100.0,80.0,112.0,68,11852,7238,72,116,0.000125,9.499999999999999e-05,0.000161,d24faea6de9dfd2ea695fd6ab9559f4eafab017e742470e7dd6d1fc183a15223
deeper_8m_r1_pmu,validation,8388608,1,True,1000000,95.812436,55.69884310958267,96.0,88.0,100.0,80.0,108.0,68,11368,6280,72,116,0.000214,0.00016300000000000003,0.00026902499999999983,2ed8353952c91297d0db247d51014dce87d5a2d0d9952ae3750ae2f18ed22c3d
boundary_48k_r2_pmu,validation,49152,1,True,1000000,58.227027,51.43421467993138,56.0,54.0,62.0,52.0,70.0,52,24132,1561,52,74,0.968102,0.9496086250000001,0.984975075,c0bce7960fbccf1105b1b2d4b5cefe0afd9e044a4b8f5c1b70ed6250cfccba2e
boundary_48k_r2_software,validation,49152,1,False,1000000,58.226745,45.702009427430816,56.0,54.0,62.0,52.0,70.0,52,23602,913,52,74,0.962827,0.94233635,0.98123835,604b20d3d946994f3f6c09c74978408336656a194ffa32012445846522167840
reuse2_256k_r2_pmu,validation,262144,2,True,1000000,67.509243,57.58648286331567,59.0,56.0,84.0,52.0,92.0,52,23163,34,52,114,0.584271,0.58122185,0.5871316249999999,bdc418dd1dea6a5907c609bfcdf192f91fcb4cdf03b00ba4daad3f7efa12d2d2
reuse2_256k_r2_software,validation,262144,2,False,1000000,68.693284,60.116172177670656,62.0,56.0,84.0,52.0,96.0,52,23944,42,52,124,0.577917,0.5653046,0.59022725,7b30628bc0f8ffaaa5585fc5ff747c56f206693a7e80df13470f00e0e7789b98
nonresident_128k_r2_pmu,validation,131072,1,True,1000000,64.314426,61.40162416655216,65.0,58.0,70.0,52.0,72.0,52,23988,21575,52,88,0.917016,0.893171225,0.9395091749999998,0f3a4be46c220e1ddc02fa649a9c4a0ae6f49f60a20892ec2605305d60d9cdac
nonresident_128k_r2_software,validation,131072,1,False,1000000,58.938916,49.597321689229794,56.0,52.0,62.0,52.0,72.0,52,25356,25002,52,76,0.936781,0.9168596750000001,0.9542756250000001,7d0f19bd44f60fb4fad4b4eb75c1d64e5050925c84dfab8eaf4f5a1037bcd380
reuse8_256k_r2_pmu,validation,262144,8,True,1000000,59.738648,51.67384020113171,56.0,52.0,60.0,52.0,88.0,52,23944,111508,52,72,0.871176,0.8623464500000002,0.876581,53fab5882a2fc0e942da6953d8e9f7ff8293113c6428d04a2fe23b8dfa6da1ff
reuse8_256k_r2_software,validation,262144,8,False,1000000,60.42632,53.69027155134905,56.0,52.0,62.0,52.0,88.0,52,23483,100748,52,76,0.850323,0.8331126499999998,0.8647787249999999,b26a2e188185846a981e76d400d472112bf54479e649729526b8ef0c4099dd37
reuse4_256k_r2_pmu,validation,262144,4,True,1000000,63.570586,57.847179322907394,56.0,54.0,72.0,52.0,92.0,52,23676,10416,52,96,0.743465,0.728261625,0.7575781749999998,99225ed6026554cdd1b19e7863989c46571aa2091b4ca485d64fab2475d190b5
reuse4_256k_r2_software,validation,262144,4,False,1000000,63.784962,63.0383091671926,56.0,54.0,72.0,52.0,92.0,52,24425,10979,52,96,0.742903,0.7277604999999999,0.7568837000000002,2d488b8450dd069146f24e7daf1fe9864b9e88c4ab7dc49935a484bafd6de943
deeper_8m_r2_pmu,validation,8388608,1,True,1000000,96.023412,62.54446133654246,96.0,88.0,100.0,80.0,108.0,52,11788,6550,72,116,0.000185,0.000142,0.00023299999999999992,590e3f96374643e2de2e54cca4ad403a39324f118f349be82f3578fd861a49d4
deeper_8m_r2_software,validation,8388608,1,False,1000000,95.945824,64.76925623288432,96.0,88.0,100.0,80.0,112.0,52,16364,5294,72,116,9.7e-05,7.8e-05,0.00011602499999999988,d88e1fe7f6eac58b9ba30d6fb435b1cc69a3500792e36ab57c07c23dfe35193e
resident_16k_r2_pmu,validation,16384,1,True,1000000,59.187263,50.58827844045327,56.0,54.0,64.0,52.0,70.0,52,24349,847,52,79,0.955399,0.9319906499999999,0.975970725,ab3f0d8c4559244deac5d18539ed30866de64438581750e273cfe49e4327af67
resident_16k_r2_software,validation,16384,1,False,1000000,59.226248,47.71258536112348,58.0,54.0,64.0,52.0,70.0,52,23876,679,52,79,0.959237,0.9369647750000001,0.9788142999999999,b731668703bb6595ad4776b424fc064b932dea01da77f2dcac82c056cda04fa0
large_128m_r2_pmu,validation,134217728,1,True,1000000,292.370712,153.67858420942412,276.0,256.0,288.0,240.0,312.0,112,11468,30466,212,336,0.0,0.0,0.0,52a50de304e60d55c5e48b77f7780909cf3de01b5eeb405bde542fa866b51423
large_128m_r2_software,validation,134217728,1,False,1000000,291.2607,147.67546995865627,276.0,256.0,288.0,240.0,312.0,128,13776,30077,212,336,0.0,0.0,0.0,cb875018dfcbe3afa5ba6485979841fdba0f54856f11d6a5f66c517876797cd7
large_128m_r3_software,validation,134217728,1,False,1000000,291.283232,149.98538479343298,276.0,256.0,288.0,240.0,312.0,212,12032,29919,212,336,0.0,0.0,0.0,78f019e88e9d16b3034563de4da7bcd5986d1b80b2a0410d994137538ece98d4
large_128m_r3_pmu,validation,134217728,1,True,1000000,291.404592,155.93809105319187,276.0,256.0,288.0,240.0,312.0,212,43380,29863,212,336,0.0,0.0,0.0,f8cdfc322ae3fafaeda3dfb341eaa24fa424fa19531573bd30b70b757e7db360
reuse2_256k_r3_software,validation,262144,2,False,1000000,66.654698,56.792576667455364,58.0,55.0,80.0,52.0,92.0,52,22914,48,52,114,0.62156,0.614940475,0.62664285,03180fd27a2ea6aed17f63e841fb4acd545588306f8c260e8b3c37fa7a096217
reuse2_256k_r3_pmu,validation,262144,2,True,1000000,68.049402,59.685647750882275,60.0,56.0,84.0,52.0,96.0,52,23934,35,52,124,0.600177,0.587262625,0.6125674999999999,c6db4690694370bb5d2a18d77d7be1209d0dce1a1c4a0fa995450a3aacfc7dce
deeper_8m_r3_software,validation,8388608,1,False,1000000,96.975948,65.77621714192217,96.0,88.0,104.0,80.0,112.0,68,12308,12952,68,128,0.000171,0.00013500000000000003,0.00021202499999999988,59baab83ca4b68ec68b835ff40295b739cdd2d8fd7b905d7d39dec03afcfd132
deeper_8m_r3_pmu,validation,8388608,1,True,1000000,95.931068,58.56154397195637,96.0,88.0,100.0,80.0,108.0,68,10700,6024,72,116,0.000162,0.00012199999999999998,0.00020899999999999996,f3ebe07690ce1e4f4257450eae5964c1e5981b4ed76934caae6d6b17a8e76157
resident_16k_r3_software,validation,16384,1,False,1000000,59.227764,34.399865109623676,56.0,54.0,64.0,52.0,72.0,52,13555,613,52,79,0.946231,0.9204620750000001,0.968242675,9ef9aa272058ae94873843b5e3fe1299da8159ce11a24fde16502acdc04f84e5
resident_16k_r3_pmu,validation,16384,1,True,1000000,59.426242,58.86819292077375,58.0,54.0,64.0,52.0,72.0,52,24737,674,52,79,0.942115,0.9158080000000001,0.965456525,0b5c707c6db49a967d5e2f1264a5d09596cbe446995d2a7667613e52dc8e6cd1
boundary_48k_r3_software,validation,49152,1,False,1000000,58.367991,49.87872770654759,56.0,52.0,62.0,52.0,72.0,52,23920,125,52,76,0.948601,0.9248755249999998,0.9699855250000001,1ea8fe0f97ff38700657c055741c6c09b612b569e217222fc8414d50d498a12e
boundary_48k_r3_pmu,validation,49152,1,True,1000000,63.306745,51.72054855185679,65.0,58.0,70.0,52.0,70.0,52,23471,394,52,88,0.959055,0.9373556999999999,0.978764225,e91d9c092499b459f65518304935ddb63da9b7f4e598565408c4b7fb63c4bde6
reuse4_256k_r3_software,validation,262144,4,False,1000000,62.734045,52.725309680816245,56.0,54.0,64.0,52.0,88.0,52,23071,178900,52,79,0.763845,0.7628239750000001,0.7649370750000001,62879bad311da707b14c31a3faa77e0766db7bbe1e6483175ebc5a371e65cd2e
reuse4_256k_r3_pmu,validation,262144,4,True,1000000,63.812722,44.80540780922227,56.0,54.0,72.0,52.0,92.0,52,24087,11572,52,96,0.738065,0.7215609249999998,0.7528428000000001,b85cc6541d18d8c878ebe6dff55c9e2712b053d5285c9313ef35a4dbf45d4267
nonresident_128k_r3_software,validation,131072,1,False,1000000,60.424188,55.08767926261422,56.0,54.0,64.0,52.0,84.0,52,32588,58436,52,79,0.896005,0.8769241249999999,0.9126938000000002,60fc47cbde2d1bc76363efad1af13ec02d208bd65c081b28daf1b53c314c2564
nonresident_128k_r3_pmu,validation,131072,1,True,1000000,65.700263,49.291802936500815,65.0,62.0,70.0,52.0,72.0,52,24341,31258,52,82,0.931839,0.9106393000000002,0.9494062749999999,46026fdd42f3e69c155dc82632c971214fe6af7efae554d8489f91d202a8cd75
reuse8_256k_r3_software,validation,262144,8,False,1000000,60.886653,51.09842451052274,56.0,54.0,64.0,52.0,88.0,52,24899,99090,52,79,0.847111,0.8295351,0.863023525,02eb80cd5a2a3317a75f1104517579ac647b4fd2a22b4a26a7d7fe020a9d37e4
reuse8_256k_r3_pmu,validation,262144,8,True,1000000,60.457537,49.4001908588786,56.0,52.0,62.0,52.0,88.0,52,24989,100989,52,76,0.853023,0.835876925,0.867684025,792f31138ea9b7020044cd81b1db8af5b9c49ad617c7fb873370714c21527329
