host,workload,slot,event,vendor,year,repeats,median,minimum,maximum
ookay,l1_resident,cache_references,cache-references,Intel,2016,1,1.421875,1.421875,1.421875
ookay,l1_resident,cache_misses,cache-misses,Intel,2016,1,0.0703125,0.0703125,0.0703125
ookay,l1_resident,l1_loads,L1-dcache-loads,Intel,2016,1,1000.1328125,1000.1328125,1000.1328125
ookay,l1_resident,l1_misses,L1-dcache-load-misses,Intel,2016,1,2.359375,2.359375,2.359375
ookay,l1_resident,stores_or_replacements,L1-dcache-stores,Intel,2016,1,0.109375,0.109375,0.109375
ookay,l1_resident,llc_loads,LLC-loads,Intel,2016,1,0.5390625,0.5390625,0.5390625
ookay,l1_resident,llc_misses,LLC-load-misses,Intel,2016,1,0.0,0.0,0.0
ookay,l1_resident,dtlb_misses,dTLB-load-misses,Intel,2016,1,0.0,0.0,0.0
ookay,llc_sized,cache_references,cache-references,Intel,2016,1,3004.0703125,3004.0703125,3004.0703125
ookay,llc_sized,cache_misses,cache-misses,Intel,2016,1,804.890625,804.890625,804.890625
ookay,llc_sized,l1_loads,L1-dcache-loads,Intel,2016,1,1000.1328125,1000.1328125,1000.1328125
ookay,llc_sized,l1_misses,L1-dcache-load-misses,Intel,2016,1,1175.1796875,1175.1796875,1175.1796875
ookay,llc_sized,stores_or_replacements,L1-dcache-stores,Intel,2016,1,0.109375,0.109375,0.109375
ookay,llc_sized,llc_loads,LLC-loads,Intel,2016,1,1015.75,1015.75,1015.75
ookay,llc_sized,llc_misses,LLC-load-misses,Intel,2016,1,526.4140625,526.4140625,526.4140625
ookay,llc_sized,dtlb_misses,dTLB-load-misses,Intel,2016,1,260.8828125,260.8828125,260.8828125
ookay,beyond_llc,cache_references,cache-references,Intel,2016,1,3322.5234375,3322.5234375,3322.5234375
ookay,beyond_llc,cache_misses,cache-misses,Intel,2016,1,2735.765625,2735.765625,2735.765625
ookay,beyond_llc,l1_loads,L1-dcache-loads,Intel,2016,1,1000.1328125,1000.1328125,1000.1328125
ookay,beyond_llc,l1_misses,L1-dcache-load-misses,Intel,2016,1,1663.25,1663.25,1663.25
ookay,beyond_llc,stores_or_replacements,L1-dcache-stores,Intel,2016,1,0.109375,0.109375,0.109375
ookay,beyond_llc,llc_loads,LLC-loads,Intel,2016,1,1170.65625,1170.65625,1170.65625
ookay,beyond_llc,llc_misses,LLC-load-misses,Intel,2016,1,948.5859375,948.5859375,948.5859375
ookay,beyond_llc,dtlb_misses,dTLB-load-misses,Intel,2016,1,816.15625,816.15625,816.15625
