name,group,num_sets,k,max_k,n,mean,std,median,q1,q3,p05,p95,p99,minimum,maximum,outliers,whisker_low,whisker_high,units,baseline_median,median_ns,baseline_median_ns,timed_loads_per_batch,counted_chain_loads,minor_faults,major_faults,voluntary_switches,involuntary_switches,l1d_cache_refill_rd_per_1000_chain_loads,l2d_cache_refill_rd_per_1000_chain_loads,ll_cache_miss_rd_per_1000_chain_loads,ld_spec_per_1000_chain_loads
L2_candidate_k5,L2_candidate,2048,5,16,1000000,0.15567972093023252,0.06228484336846938,0.15503875968992248,0.15503875968992248,0.15503875968992248,0.14728682170542637,0.16279069767441862,0.17054263565891473,0.14728682170542637,51.01550387596899,133940,0.15503875968992248,0.15503875968992248,CNTVCT_EL0 ticks / timed chain load,0.15503875968992248,6.2015503875969,6.2015503875969,129,133000000,0,0,0,97,977.4442105263158,0.940796992481203,0.9414887218045113,5278.2888571428575
L1_k6,L1,256,6,16,1000000,0.15690575968992249,0.03630912555108914,0.15503875968992248,0.15503875968992248,0.15503875968992248,0.14728682170542637,0.16279069767441862,0.26356589147286824,0.14728682170542637,15.666666666666666,245530,0.15503875968992248,0.15503875968992248,CNTVCT_EL0 ticks / timed chain load,0.15503875968992248,6.2015503875969,6.2015503875969,129,134000000,0,0,0,198,985.0752686567164,0.9342910447761194,0.935089552238806,5276.2517462686565
L1_k4,L1,256,4,16,1000000,0.0928227364341085,0.05687460534867577,0.09302325581395349,0.08527131782945736,0.09302325581395349,0.08527131782945736,0.10852713178294573,0.15503875968992248,0.08527131782945736,47.07751937984496,64831,0.08527131782945736,0.10077519379844961,CNTVCT_EL0 ticks / timed chain load,0.09302325581395349,3.7209302325581395,3.7209302325581395,129,132000000,0,0,0,212,0.1215,0.947659090909091,0.948219696969697,5280.416053030303
L2_candidate_k4,L2_candidate,2048,4,16,1000000,0.08996792248062015,0.01739386380033803,0.08527131782945736,0.08527131782945736,0.09302325581395349,0.08527131782945736,0.09302325581395349,0.11627906976744186,0.08527131782945736,8.682170542635658,28862,0.08527131782945736,0.10077519379844961,CNTVCT_EL0 ticks / timed chain load,0.09302325581395349,3.4108527131782944,3.7209302325581395,129,132000000,0,0,0,126,0.12371212121212122,0.9474772727272728,0.9480378787878788,5280.381090909091
L2_candidate_k12,L2_candidate,2048,12,16,1000000,1.179135302325582,0.07888563424235946,1.193798449612403,1.1627906976744187,1.2170542635658914,0.9689922480620154,1.2403100775193798,1.248062015503876,0.9069767441860465,17.635658914728683,72540,1.0852713178294573,1.2945736434108528,CNTVCT_EL0 ticks / timed chain load,1.1705451162790697,47.751937984496124,46.821804651162786,129,140000000,0,0,0,175,1000.0030857142857,953.0395714285714,953.0446142857143,5271.804785714286
L2_candidate_k10,L2_candidate,2048,10,16,1000000,0.7322216356589144,0.1078317397746088,0.7209302325581395,0.7131782945736435,0.7364341085271318,0.689922480620155,0.7364341085271318,1.069767441860465,0.5193798449612403,43.906976744186046,39902,0.6821705426356589,0.7674418604651163,CNTVCT_EL0 ticks / timed chain load,0.7364346046511627,28.83720930232558,29.45738418604651,129,138000000,0,0,0,146,1000.0017101449275,501.78008695652176,501.78390579710145,5275.6050289855075
L2_candidate_k9,L2_candidate,2048,9,16,1000000,0.51897703875969,0.0664717158028934,0.5116279069767442,0.49612403100775193,0.5193798449612403,0.4806201550387597,0.6589147286821705,0.689922480620155,0.4806201550387597,10.488372093023257,69366,0.4806201550387597,0.5503875968992248,CNTVCT_EL0 ticks / timed chain load,0.5038754728682171,20.46511627906977,20.155018914728686,129,137000000,0,0,0,123,985.4025109489052,271.0150875912409,271.01693430656934,5270.788591240876
L1_k5,L1,256,5,16,1000000,0.16172431782945737,0.028619089495815552,0.15503875968992248,0.15503875968992248,0.16279069767441862,0.15503875968992248,0.17054263565891473,0.26356589147286824,0.14728682170542637,10.03875968992248,47625,0.14728682170542637,0.17054263565891473,CNTVCT_EL0 ticks / timed chain load,0.15503875968992248,6.2015503875969,6.2015503875969,129,133000000,0,0,0,233,977.4533909774436,0.940766917293233,0.9413308270676691,5278.343646616541
L1_k3,L1,256,3,16,1000000,0.09628895348837209,0.02086945471020663,0.09302325581395349,0.09302325581395349,0.09302325581395349,0.08527131782945736,0.11627906976744186,0.16279069767441862,0.08527131782945736,10.178294573643411,183042,0.09302325581395349,0.09302325581395349,CNTVCT_EL0 ticks / timed chain load,0.09302325581395349,3.7209302325581395,3.7209302325581395,129,131000000,0,0,0,160,0.009534351145038167,0.9542290076335878,0.9547251908396946,5282.539106870229
L1_k2,L1,256,2,16,1000000,0.08942531782945738,0.012265388915530228,0.09302325581395349,0.08527131782945736,0.09302325581395349,0.08527131782945736,0.09302325581395349,0.09302325581395349,0.08527131782945736,9.209302325581396,50,0.08527131782945736,0.10077519379844961,CNTVCT_EL0 ticks / timed chain load,0.09302325581395349,3.7209302325581395,3.7209302325581395,129,130000000,0,0,0,4,0.0042461538461538465,0.9617153846153846,0.9622538461538461,5284.6489
L2_candidate_k7,L2_candidate,2048,7,16,1000000,0.1622536279069768,0.09280540943091106,0.15503875968992248,0.15503875968992248,0.15503875968992248,0.14728682170542637,0.16279069767441862,0.20930232558139536,0.14728682170542637,12.604651162790697,142667,0.15503875968992248,0.15503875968992248,CNTVCT_EL0 ticks / timed chain load,0.15503875968992248,6.2015503875969,6.2015503875969,129,135000000,0,0,0,131,985.1855185185185,4.20422962962963,4.204496296296297,5274.219718518519
L2_candidate_k8,L2_candidate,2048,8,16,1000000,0.18744847286821706,0.15663602404430338,0.15503875968992248,0.15503875968992248,0.16279069767441862,0.15503875968992248,0.16279069767441862,1.0232558139534884,0.14728682170542637,9.565891472868216,34209,0.14728682170542637,0.17054263565891473,CNTVCT_EL0 ticks / timed chain load,0.15503875968992248,6.2015503875969,6.2015503875969,129,136000000,0,0,0,9,1000.0002205882353,19.06252205882353,19.06333823529412,5272.422595588236
