name,group,stride,alignment,mode,seed,n,mean,std,median,q1,q3,p05,p95,p99,minimum,maximum,outliers,whisker_low,whisker_high,units,baseline_median,median_ns,baseline_median_ns,timed_loads_per_batch,counted_chain_loads,minor_faults,major_faults,voluntary_switches,involuntary_switches,l1d_cache_refill_rd_per_1000_chain_loads,l2d_cache_refill_rd_per_1000_chain_loads,ll_cache_miss_rd_per_1000_chain_loads,ld_spec_per_1000_chain_loads
random_s64_a16,random_alignment16,64,16,random_lines,711,1000000,0.1163853349609375,0.0135499417445078,0.1162109375,0.115234375,0.1171875,0.1142578125,0.1181640625,0.119140625,0.1123046875,5.03125,1405,0.1123046875,0.1201171875,CNTVCT_EL0 ticks / timed chain load,0.115234375,4.6484375,4.609375,1024,1024000000,0,0,0,77,339.4217509765625,0.1990498046875,0.2734912109375,5031.9199775390625
random_s96_a0,random_alignment0,96,0,random_lines,711,1000000,0.1533561064453125,0.01640210105110983,0.1533203125,0.15234375,0.1533203125,0.15234375,0.154296875,0.154296875,0.150390625,2.986328125,9777,0.1513671875,0.154296875,CNTVCT_EL0 ticks / timed chain load,0.154296875,6.1328125,6.171875,1024,1024000000,0,0,0,268,1001.0198056640625,0.15333203125,0.2858701171875,5031.694920898438
random_s64_a0,random_alignment0,64,0,random_lines,711,1000000,0.116078751953125,0.01307737839319462,0.115234375,0.115234375,0.1162109375,0.1142578125,0.1181640625,0.119140625,0.1123046875,3.3994140625,63082,0.1142578125,0.1171875,CNTVCT_EL0 ticks / timed chain load,0.11328125,4.609375,4.53125,1024,1024000000,0,0,0,162,339.7388193359375,0.2791533203125,0.3410009765625,5032.011920898438
random_s56_a16,random_alignment16,56,16,random_lines,711,1000000,0.1092849921875,0.016581729921072343,0.109375,0.1083984375,0.109375,0.107421875,0.1103515625,0.111328125,0.10546875,8.4765625,34209,0.107421875,0.1103515625,CNTVCT_EL0 ticks / timed chain load,0.1103515625,4.375,4.4140625,1024,1024000000,0,0,0,181,282.6658203125,0.158736328125,0.2020400390625,5032.925280273437
fully_random_s64,fully_random_control,64,0,fully_random,721,1000000,0.1628898203125,0.01765603012621287,0.162109375,0.162109375,0.1630859375,0.1611328125,0.1640625,0.1640625,0.16015625,9.0810546875,10098,0.1611328125,0.1640625,CNTVCT_EL0 ticks / timed chain load,0.1611328125,6.484375,6.4453125,1024,1024000000,0,0,0,175,1000.68683984375,0.276248046875,0.2766650390625,5031.2427255859375
sequential_s72,sequential_control,72,0,sequential_lines,731,1000000,0.1005987646484375,0.012252457971057638,0.1005859375,0.099609375,0.1005859375,0.099609375,0.1015625,0.1025390625,0.09765625,2.32421875,10721,0.0986328125,0.1015625,CNTVCT_EL0 ticks / timed chain load,0.1015625,4.0234375,4.0625,1024,1024000000,0,0,0,146,182.39114453125,0.131568359375,0.17230078125,5033.69165234375
sequential_s64,sequential_control,64,0,sequential_lines,731,1000000,0.1006290078125,0.015105089752255205,0.0986328125,0.0966796875,0.1044921875,0.095703125,0.107421875,0.109375,0.09375,4.9423828125,523,0.09375,0.1162109375,CNTVCT_EL0 ticks / timed chain load,0.0947265625,3.9453125,3.7890625,1024,1024000000,0,0,0,86,75.561267578125,18.38733203125,43.8961669921875,5032.95948828125
random_s72_a0,random_alignment0,72,0,random_lines,711,1000000,0.1206263935546875,0.019027868726069316,0.1201171875,0.1201171875,0.12109375,0.119140625,0.1220703125,0.1220703125,0.1162109375,6.7607421875,47775,0.119140625,0.1220703125,CNTVCT_EL0 ticks / timed chain load,0.1201171875,4.8046875,4.8046875,1024,1024000000,0,0,0,84,418.8585908203125,0.16658984375,0.2149228515625,5032.302625
random_s56_a0,random_alignment0,56,0,random_lines,711,1000000,0.1102984013671875,0.013752649639276075,0.1103515625,0.109375,0.1103515625,0.109375,0.111328125,0.111328125,0.107421875,2.826171875,8483,0.1083984375,0.111328125,CNTVCT_EL0 ticks / timed chain load,0.111328125,4.4140625,4.453125,1024,1024000000,0,0,0,75,288.4827158203125,0.142474609375,0.1673203125,5032.865333007812
random_s32_a0,random_alignment0,32,0,random_lines,701,1000000,0.0991365439453125,0.014005751088825884,0.0986328125,0.0986328125,0.099609375,0.09765625,0.1005859375,0.1015625,0.095703125,3.4208984375,14752,0.09765625,0.1005859375,CNTVCT_EL0 ticks / timed chain load,0.0986328125,3.9453125,3.9453125,1024,1024000000,0,0,0,165,173.32733984375,0.1465361328125,0.184345703125,5033.857120117187
random_s72_a16,random_alignment16,72,16,random_lines,711,1000000,0.1199492802734375,0.016326205350786945,0.1201171875,0.119140625,0.1201171875,0.1181640625,0.12109375,0.1220703125,0.1171875,4.9951171875,20204,0.1181640625,0.12109375,CNTVCT_EL0 ticks / timed chain load,0.1220703125,4.8046875,4.8828125,1024,1024000000,0,0,0,254,420.1536494140625,0.1524873046875,0.19246875,5032.420775390625
sequential_s56,sequential_control,56,0,sequential_lines,731,1000000,0.0956809287109375,0.013914827437637613,0.095703125,0.0947265625,0.095703125,0.09375,0.0966796875,0.09765625,0.091796875,2.763671875,22179,0.09375,0.0966796875,CNTVCT_EL0 ticks / timed chain load,0.095703125,3.828125,3.828125,1024,1024000000,0,0,0,148,67.74740625,0.1315458984375,0.1669345703125,5033.361005859375
