name,group,num_sets,k,max_k,n,mean,std,median,q1,q3,p05,p95,p99,minimum,maximum,outliers,whisker_low,whisker_high,timed_loads_per_batch,counted_chain_loads,legacy_median,baseline_median,units,minor_faults,major_faults,voluntary_switches,involuntary_switches,local_l2_demand_fills_per_1000_chain_loads,local_cache_demand_fills_per_1000_chain_loads,l2_data_read_requests_per_1000_chain_loads,l1_dtlb_misses_reloads_per_1000_chain_loads
L2_candidate_k8,L2_candidate,1024,8,16,1000000,6.178680372093022,0.8065208054412771,6.1395348837209305,6.1395348837209305,6.1395348837209305,5.953488372093023,6.1395348837209305,7.627906976744186,5.023255813953488,357.5813953488372,153215,6.1395348837209305,6.1395348837209305,129,136000000,6.1875,5.767441860465116,TSC ticks / timed chain load,0,0,0,1,0.36511764705882355,0.09411029411764706,1.25675,0.003154411764705882
L1_k10,L1,64,10,16,1000000,10.253404093023251,1.0903740334955148,10.232558139534884,10.046511627906977,10.232558139534884,10.046511627906977,10.232558139534884,12.651162790697674,10.046511627906977,524.6511627906976,38419,10.046511627906977,10.418604651162791,129,138000000,10.3125,10.232558139534884,TSC ticks / timed chain load,0,0,0,0,942.2751449275362,0.000963768115942029,943.060036231884,0.0031956521739130435
L1_k8,L1,64,8,16,1000000,5.976222883720925,0.8630603862321289,5.767441860465116,5.767441860465116,5.953488372093023,5.767441860465116,6.325581395348837,7.441860465116279,5.209302325581396,291.90697674418607,160446,5.5813953488372094,6.1395348837209305,129,136000000,5.8125,6.1395348837209305,TSC ticks / timed chain load,0,0,0,1,66.19550735294118,0.0005514705882352941,59.64077205882353,0.003154411764705882
L2_candidate_k7,L2_candidate,1024,7,16,1000000,6.175155162790696,0.7751731403226777,6.1395348837209305,6.1395348837209305,6.1395348837209305,5.953488372093023,6.1395348837209305,7.627906976744186,5.023255813953488,93.5813953488372,148918,6.1395348837209305,6.1395348837209305,129,135000000,6.1875,5.953488372093023,TSC ticks / timed chain load,0,0,0,0,0.022244444444444445,0.01708888888888889,0.9538666666666666,0.003185185185185185
L2_candidate_k13,L2_candidate,1024,13,16,1000000,30.003598697674413,1.932102287020688,29.767441860465116,29.767441860465116,29.953488372093023,29.58139534883721,29.953488372093023,35.348837209302324,26.976744186046513,371.16279069767444,49163,29.58139534883721,30.13953488372093,129,141000000,30.0,29.767441860465116,TSC ticks / timed chain load,0,0,0,2,0.20745390070921985,977.7524964539007,978.7015815602837,0.0031063829787234044
L2_candidate_k12,L2_candidate,1024,12,16,1000000,28.104813953488375,2.3182721816447622,27.162790697674417,26.976744186046513,28.093023255813954,26.790697674418606,30.88372093023256,32.55813953488372,17.302325581395348,304.1860465116279,197567,25.488372093023255,29.58139534883721,129,140000000,27.375,27.162790697674417,TSC ticks / timed chain load,0,0,0,3,0.3517571428571429,847.2841928571429,848.3890928571428,0.003092857142857143
L2_candidate_k11,L2_candidate,1024,11,16,1000000,21.59628893023256,4.841323151090297,17.86046511627907,17.302325581395348,25.488372093023255,17.11627906976744,28.093023255813954,29.3953488372093,16.558139534883722,506.7906976744186,1267,16.558139534883722,36.46511627906977,129,139000000,18.0,17.86046511627907,TSC ticks / timed chain load,0,0,0,2,0.2872589928057554,590.3711870503597,591.4240575539568,0.0031366906474820143
L1_k9,L1,64,9,16,1000000,18.80013674418605,1.5218228672090635,18.790697674418606,18.790697674418606,18.790697674418606,18.6046511627907,18.790697674418606,23.441860465116278,10.976744186046512,475.16279069767444,217020,18.790697674418606,18.790697674418606,129,137000000,18.9375,18.790697674418606,TSC ticks / timed chain load,0,0,0,3,983.0917883211679,0.0012846715328467154,983.8710072992701,0.003218978102189781
L1_k7,L1,64,7,16,1000000,6.161111255813952,0.8529319781956747,6.1395348837209305,6.1395348837209305,6.1395348837209305,5.953488372093023,6.1395348837209305,7.627906976744186,5.023255813953488,455.8139534883721,141064,6.1395348837209305,6.1395348837209305,129,135000000,6.1875,6.1395348837209305,TSC ticks / timed chain load,0,0,0,0,0.0386962962962963,0.00044444444444444447,0.9600814814814815,0.0032222222222222222
L1_k6,L1,64,6,16,1000000,6.1475008372093,0.675464270637501,6.1395348837209305,6.1395348837209305,6.1395348837209305,5.953488372093023,6.1395348837209305,7.627906976744186,5.209302325581396,290.4186046511628,131879,6.1395348837209305,6.1395348837209305,129,134000000,6.1875,6.1395348837209305,TSC ticks / timed chain load,0,0,0,1,0.027253731343283582,0.000835820895522388,0.9518955223880597,0.0032835820895522386
L2_candidate_k9,L2_candidate,1024,9,16,1000000,16.10656893023256,1.599237837775873,16.0,15.44186046511628,16.558139534883722,14.69767441860465,17.86046511627907,19.162790697674417,12.837209302325581,352.3720930232558,29298,13.767441860465116,18.232558139534884,129,137000000,16.125,13.023255813953488,TSC ticks / timed chain load,0,0,0,2,389.6808905109489,252.83045255474454,635.573605839416,0.0032335766423357663
L2_candidate_k10,L2_candidate,1024,10,16,1000000,17.668007813953494,1.5397075672110347,17.488372093023255,17.302325581395348,17.86046511627907,16.930232558139537,18.6046511627907,20.651162790697676,13.581395348837209,373.7674418604651,46779,16.558139534883722,18.6046511627907,129,138000000,17.625,17.488372093023255,TSC ticks / timed chain load,0,0,0,2,0.3800217391304348,443.51204347826086,444.6671811594203,0.0031666666666666666
