name,bytes,event,raw_config,count,chain_loads,per_1000_chain_loads,time_enabled_ns,time_running_ns
L1_w32768,32768,mem_load_retired.l1_miss,0x08d1,30535,256000000,0.11927734375,704547009,704547009
L1_w32768,32768,mem_load_retired.l2_miss,0x10d1,4345,256000000,0.01697265625,704547009,704547009
L1_w32768,32768,mem_load_retired.l3_miss,0x20d1,1437,256000000,0.005613281249999999,704547009,704547009
L1_w32768,32768,mem_inst_retired.all_loads,0x81d0,272000712,256000000,1062.50278125,704547009,704547009
L1_w45056,45056,mem_load_retired.l1_miss,0x08d1,1579704,256000000,6.17071875,712657873,712657873
L1_w45056,45056,mem_load_retired.l2_miss,0x10d1,3521,256000000,0.01375390625,712657873,712657873
L1_w45056,45056,mem_load_retired.l3_miss,0x20d1,165,256000000,0.00064453125,712657873,712657873
L1_w45056,45056,mem_inst_retired.all_loads,0x81d0,272000720,256000000,1062.5028125,712657873,712657873
L1_w49152,49152,mem_load_retired.l1_miss,0x08d1,18276802,256000000,71.3937578125,805535282,805535282
L1_w49152,49152,mem_load_retired.l2_miss,0x10d1,3291,256000000,0.01285546875,805535282,805535282
L1_w49152,49152,mem_load_retired.l3_miss,0x20d1,135,256000000,0.00052734375,805535282,805535282
L1_w49152,49152,mem_inst_retired.all_loads,0x81d0,272000813,256000000,1062.5031757812499,805535282,805535282
L1_w53248,53248,mem_load_retired.l1_miss,0x08d1,250346606,256000000,977.9164296875,2090112251,2090112251
L1_w53248,53248,mem_load_retired.l2_miss,0x10d1,23487,256000000,0.09174609375000001,2090112251,2090112251
L1_w53248,53248,mem_load_retired.l3_miss,0x20d1,307,256000000,0.00119921875,2090112251,2090112251
L1_w53248,53248,mem_inst_retired.all_loads,0x81d0,272002098,256000000,1062.5081953125,2090112251,2090112251
L1_w65536,65536,mem_load_retired.l1_miss,0x08d1,253076228,256000000,988.5790156249999,2104911068,2104911068
L1_w65536,65536,mem_load_retired.l2_miss,0x10d1,25491,256000000,0.09957421875,2104911068,2104911068
L1_w65536,65536,mem_load_retired.l3_miss,0x20d1,108,256000000,0.000421875,2104911068,2104911068
L1_w65536,65536,mem_inst_retired.all_loads,0x81d0,272002112,256000000,1062.50825,2104911068,2104911068
L2_w2097152,2097152,mem_load_retired.l1_miss,0x08d1,255994541,256000000,999.97867578125,2253962369,2253962369
L2_w2097152,2097152,mem_load_retired.l2_miss,0x10d1,5656722,256000000,22.096570312500003,2253962369,2253962369
L2_w2097152,2097152,mem_load_retired.l3_miss,0x20d1,26171,256000000,0.10223046875,2253962369,2253962369
L2_w2097152,2097152,mem_inst_retired.all_loads,0x81d0,272002261,256000000,1062.50883203125,2253962369,2253962369
L2_w2359296,2359296,mem_load_retired.l1_miss,0x08d1,255990171,256000000,999.96160546875,4591543826,4591543826
L2_w2359296,2359296,mem_load_retired.l2_miss,0x10d1,109361162,256000000,427.1920390625,4591543826,4591543826
L2_w2359296,2359296,mem_load_retired.l3_miss,0x20d1,192100,256000000,0.750390625,4591543826,4591543826
L2_w2359296,2359296,mem_inst_retired.all_loads,0x81d0,272004602,256000000,1062.5179765624998,4591543826,4591543826
L2_w3145728,3145728,mem_load_retired.l1_miss,0x08d1,255997547,256000000,999.99041796875,7737334264,7737334264
L2_w3145728,3145728,mem_load_retired.l2_miss,0x10d1,245683059,256000000,959.6994492187499,7737334264,7737334264
L2_w3145728,3145728,mem_load_retired.l3_miss,0x20d1,295108,256000000,1.152765625,7737334264,7737334264
L2_w3145728,3145728,mem_inst_retired.all_loads,0x81d0,272007748,256000000,1062.530265625,7737334264,7737334264
L2_w4194304,4194304,mem_load_retired.l1_miss,0x08d1,255978391,256000000,999.9155898437499,12041183552,12041183552
L2_w4194304,4194304,mem_load_retired.l2_miss,0x10d1,255957805,256000000,999.83517578125,12041183552,12041183552
L2_w4194304,4194304,mem_load_retired.l3_miss,0x20d1,37899743,256000000,148.04587109375,12041183552,12041183552
L2_w4194304,4194304,mem_inst_retired.all_loads,0x81d0,272012087,256000000,1062.54721484375,12041183552,12041183552
LLC_w33554432,33554432,mem_load_retired.l1_miss,0x08d1,255943481,256000000,999.77922265625,34289519580,34289519580
LLC_w33554432,33554432,mem_load_retired.l2_miss,0x10d1,255934308,256000000,999.743390625,34289519580,34289519580
LLC_w33554432,33554432,mem_load_retired.l3_miss,0x20d1,255927848,256000000,999.71815625,34289519580,34289519580
LLC_w33554432,33554432,mem_inst_retired.all_loads,0x81d0,272034312,256000000,1062.63403125,34289519580,34289519580
LLC_w41943040,41943040,mem_load_retired.l1_miss,0x08d1,255940845,256000000,999.76892578125,34161211058,34161211058
LLC_w41943040,41943040,mem_load_retired.l2_miss,0x10d1,255935148,256000000,999.746671875,34161211058,34161211058
LLC_w41943040,41943040,mem_load_retired.l3_miss,0x20d1,255930025,256000000,999.72666015625,34161211058,34161211058
LLC_w41943040,41943040,mem_inst_retired.all_loads,0x81d0,272034189,256000000,1062.63355078125,34161211058,34161211058
LLC_w50331648,50331648,mem_load_retired.l1_miss,0x08d1,255944390,256000000,999.7827734374999,34031272108,34031272108
LLC_w50331648,50331648,mem_load_retired.l2_miss,0x10d1,255938827,256000000,999.76104296875,34031272108,34031272108
LLC_w50331648,50331648,mem_load_retired.l3_miss,0x20d1,255934041,256000000,999.74234765625,34031272108,34031272108
LLC_w50331648,50331648,mem_inst_retired.all_loads,0x81d0,272034051,256000000,1062.63301171875,34031272108,34031272108
LLC_w58720256,58720256,mem_load_retired.l1_miss,0x08d1,255951047,256000000,999.80877734375,34125007709,34125007709
LLC_w58720256,58720256,mem_load_retired.l2_miss,0x10d1,255940099,256000000,999.7660117187501,34125007709,34125007709
LLC_w58720256,58720256,mem_load_retired.l3_miss,0x20d1,255933809,256000000,999.74144140625,34125007709,34125007709
LLC_w58720256,58720256,mem_inst_retired.all_loads,0x81d0,272034150,256000000,1062.6333984375,34125007709,34125007709
LLC_w67108864,67108864,mem_load_retired.l1_miss,0x08d1,255948836,256000000,999.800140625,34042928021,34042928021
LLC_w67108864,67108864,mem_load_retired.l2_miss,0x10d1,255943555,256000000,999.77951171875,34042928021,34042928021
LLC_w67108864,67108864,mem_load_retired.l3_miss,0x20d1,255937777,256000000,999.75694140625,34042928021,34042928021
LLC_w67108864,67108864,mem_inst_retired.all_loads,0x81d0,272034061,256000000,1062.63305078125,34042928021,34042928021
