host,year,group,level,selected_effective_ways,candidate_min,candidate_max,clean_edge,largest_probability_jump,status,source,sha256,identical_other_host_files
sunbird,2014,Intel x86,L1,9,9,9,True,0.6758649999999999,duplicate across hosts; independent machine provenance unresolved,timing-only/associativity/data/sunbird/raw_data/l1_associativity.csv,8c6750853e44ae3baabc0f2ad5d90b8f961498bcb55657ed85312a156c7bf664,crux
sunbird,2014,Intel x86,L2,8,8,8,True,0.916389,duplicate across hosts; independent machine provenance unresolved,timing-only/associativity/data/sunbird/raw_data/l2_associativity.csv,91131dae1dd1efcde1171434a0038eec4437f17bd0dfbdb6d2dce78aa35f30f9,crux
charnwood,2015,Intel x86,L1,8,8,8,True,0.998979,effective conflict threshold; physical ways not proven,timing-only/associativity/data/charnwood/raw_data/l1_associativity.csv,bdbab59144eea7068172e1299850a066fd8377d02d7238b1a3e98981741c69a3,
charnwood,2015,Intel x86,L2,8,8,9,True,0.998371,effective conflict threshold; candidate-stride sensitive,timing-only/associativity/data/charnwood/raw_data/l2_associativity.csv,29c36a4f7fb18a7e0394ffb178ab5a3d406f6db63f1a1514a32aac6f2a809732,
ookay,2016,Intel x86,L1,8,8,8,True,0.9978170000000001,effective conflict threshold; physical ways not proven,timing-only/associativity/data/ookay/raw_data/l1_associativity.csv,69cfd2d80982bb0358376221608a4a644203dc988e56f29c61cf60fafc6093ab,
ookay,2016,Intel x86,L2,8,8,9,True,0.995744,effective conflict threshold; candidate-stride sensitive,timing-only/associativity/data/ookay/raw_data/l2_associativity.csv,4e35ac5f801c165630f0785022421c6c46efaba75afe001ff093fc6945436019,
upgrade,2017,Intel x86,L1,8,8,8,True,0.999359,effective conflict threshold; physical ways not proven,timing-only/associativity/data/upgrade/raw_data/l1_associativity.csv,dc0139080a35713db40e6f300da09f21ab818249390b544ae095109cd55ea737,
upgrade,2017,Intel x86,L2,8,8,9,True,0.999535,effective conflict threshold; candidate-stride sensitive,timing-only/associativity/data/upgrade/raw_data/l2_associativity.csv,4b3f4041022ce9c68f279df67613274364d959bf2e737a72b03aec60d1f9e68b,
crux,2018,Intel x86,L1,9,9,9,True,0.6758649999999999,duplicate across hosts; independent machine provenance unresolved,timing-only/associativity/data/crux/raw_data/l1_associativity.csv,8c6750853e44ae3baabc0f2ad5d90b8f961498bcb55657ed85312a156c7bf664,sunbird
crux,2018,Intel x86,L2,8,8,8,True,0.916389,duplicate across hosts; independent machine provenance unresolved,timing-only/associativity/data/crux/raw_data/l2_associativity.csv,91131dae1dd1efcde1171434a0038eec4437f17bd0dfbdb6d2dce78aa35f30f9,sunbird
skylark,2019,AMD x86,L1,8,8,8,True,0.99969,effective conflict threshold; physical ways not proven,timing-only/associativity/data/skylark/raw_data/l1_associativity.csv,8393635b548329b135e688dbf9e24d96976b2053ba91ff3bd1ae7ed25f7dd1b1,
skylark,2019,AMD x86,L2,11,11,11,True,0.547242,effective conflict threshold; physical ways not proven,timing-only/associativity/data/skylark/raw_data/l2_associativity.csv,e45383ff3de4cf717c733a03bef6e96505ac2765dd44d684b25d68c7029412d3,
thunderbird,2020,Arm / Ampere,L1,4,4,8,True,0.999941,effective conflict threshold; candidate-stride sensitive,timing-only/associativity/data/thunderbird/raw_data/l1_associativity.csv,9c0a1c29ec1cf15d8769cf96585fe3952ccda6cbb0d4e3ad1f91d1306ca4481e,
thunderbird,2020,Arm / Ampere,L2,8,4,8,True,0.978351,effective conflict threshold; candidate-stride sensitive,timing-only/associativity/data/thunderbird/raw_data/l2_associativity.csv,e0cda64d012bd8497b4d2bc5ab142224aff1a1a4bc5288c7119fcfd6feba015b,
artemisia,2023,Intel x86,L1,12,12,12,True,0.999335,effective conflict threshold; physical ways not proven,timing-only/associativity/data/artemisia/raw_data/l1_associativity.csv,0ca6f844f2532101379b630b800a16f59e90574f2408854aed41bd19ee7146d6,
artemisia,2023,Intel x86,L2,12,12,12,True,0.9983920000000001,effective conflict threshold; physical ways not proven,timing-only/associativity/data/artemisia/raw_data/l2_associativity.csv,3cd8d79798b29553d42732800fce6c0a6aa8a5316ac0673ad1d86140725460ff,
