host,year,case,repeat,bytes,reuse,software_same_run,pmu_hit_rate,absolute_error_pp,relative_error_percent,software_standalone,standalone_paired_error_pp,ci95_low,ci95_high,threshold_sensitivity_low,threshold_sensitivity_high,pmu_l1_misses,pmu_retired_loads,pmu_target_hit_bound_low,pmu_target_hit_bound_high,auxiliary_loads,source
sunbird,2014,reuse2_256k,1,262144,2,0.594571,0.4998780448794844,9.469295512051556,18.943211467378028,0.603787,10.390895512051557,0.588807675,0.5992851,0.594571,0.648442,500306,1000368,0.49969399999999997,0.500062,368,software-hit-rate/results/sunbird/hitrate01/comparison.csv
sunbird,2014,reuse4_256k,1,262144,4,0.650047,0.749842808318114,9.979580831811397,13.308897172989424,0.761485,1.164219168188596,0.6255090000000001,0.6736823250000001,0.650047,0.784802,250250,1000371,0.74975,0.750121,371,software-hit-rate/results/sunbird/hitrate01/comparison.csv
sunbird,2014,large_128m,1,134217728,1,0.0,0.00027773198863101367,0.027773198863101367,100.0,0.0,0.027773198863101367,0.0,0.0,0.0,0.0,1000687,1000965,0.0,0.00027800000000000047,965,software-hit-rate/results/sunbird/hitrate01/comparison.csv
sunbird,2014,nonresident_128k,1,131072,1,0.956686,0.0014914899104506718,95.51945100895493,64042.97497399267,0.951992,95.05005100895492,0.9370654,0.9740419999999999,0.956686,0.988905,998850,1000342,0.0011499999999999844,0.0014920000000000488,342,software-hit-rate/results/sunbird/hitrate01/comparison.csv
sunbird,2014,reuse8_256k,1,262144,8,0.679077,0.8747357235751065,19.56587235751065,22.367752716836065,0.876497,0.1761276424893432,0.6534847249999999,0.705369575,0.679077,0.880927,125311,1000373,0.874689,0.875062,373,software-hit-rate/results/sunbird/hitrate01/comparison.csv
sunbird,2014,resident_16k,1,16384,1,0.951391,0.997957535125797,4.6566535125797,4.666184029556637,0.955681,4.227653512579699,0.9275539750000001,0.9720824499999999,0.951391,0.99922,2043,1000262,0.997957,0.998219,262,software-hit-rate/results/sunbird/hitrate01/comparison.csv
sunbird,2014,boundary_48k,1,49152,1,0.962199,0.001190591627071913,96.10084083729281,80716.87945062981,0.967135,96.59444083729281,0.9418717500000002,0.9806670750000003,0.962199,0.999089,999152,1000343,0.0008479999999999599,0.0011910000000000531,343,software-hit-rate/results/sunbird/hitrate01/comparison.csv
sunbird,2014,deeper_8m,1,8388608,1,0.000214,9.196146814482997e-05,0.012203853185517002,132.70615869569605,0.000125,0.003303853185517003,0.00016300000000000003,0.00026902499999999983,0.000214,0.005302,1000327,1000419,0.0,9.199999999998099e-05,419,software-hit-rate/results/sunbird/hitrate01/comparison.csv
sunbird,2014,boundary_48k,2,49152,1,0.968102,0.001186587067700473,96.69154129322996,81487.10189519572,0.962827,96.16404129322996,0.9496086250000001,0.984975075,0.968102,0.998767,999161,1000348,0.0008390000000000342,0.0011870000000000491,348,software-hit-rate/results/sunbird/hitrate01/comparison.csv
sunbird,2014,reuse2_256k,2,262144,2,0.584271,0.5000039985685125,8.426700143148746,16.853265508423902,0.577917,7.791300143148749,0.58122185,0.5871316249999999,0.584271,0.638886,500175,1000358,0.49982499999999996,0.500183,358,software-hit-rate/results/sunbird/hitrate01/comparison.csv
sunbird,2014,nonresident_128k,2,131072,1,0.917016,0.0005877772324288655,91.64282227675712,155914.20902450147,0.936781,93.61932227675712,0.893171225,0.9395091749999998,0.917016,0.968352,999791,1000379,0.00020900000000001473,0.0005880000000000329,379,software-hit-rate/results/sunbird/hitrate01/comparison.csv
sunbird,2014,reuse8_256k,2,262144,8,0.871176,0.8747844497959208,0.36084497959208983,0.41249587790028924,0.850323,2.4461449795920798,0.8623464500000002,0.876581,0.871176,0.891581,125259,1000347,0.874741,0.875088,347,software-hit-rate/results/sunbird/hitrate01/comparison.csv
sunbird,2014,reuse4_256k,2,262144,4,0.743465,0.7497953222512452,0.6330322251245191,0.8442733721302137,0.742903,0.6892322251245253,0.728261625,0.7575781749999998,0.743465,0.795227,250293,1000353,0.749707,0.75006,353,software-hit-rate/results/sunbird/hitrate01/comparison.csv
sunbird,2014,deeper_8m,2,8388608,1,0.000185,9.49602116713244e-05,0.009003978832867559,94.81843684207514,9.7e-05,0.0002039788328675598,0.000142,0.00023299999999999992,0.000185,0.005419,1000324,1000419,0.0,9.499999999995623e-05,419,software-hit-rate/results/sunbird/hitrate01/comparison.csv
sunbird,2014,resident_16k,2,16384,1,0.955399,0.9975146710388195,4.211567103881952,4.2220603126528395,0.959237,3.8277671038819516,0.9319906499999999,0.975970725,0.955399,0.999081,2486,1000270,0.997514,0.997784,270,software-hit-rate/results/sunbird/hitrate01/comparison.csv
sunbird,2014,large_128m,2,134217728,1,0.0,0.000277730046394864,0.0277730046394864,100.0,0.0,0.0277730046394864,0.0,0.0,0.0,0.0,1000694,1000972,0.0,0.00027800000000000047,972,software-hit-rate/results/sunbird/hitrate01/comparison.csv
sunbird,2014,large_128m,3,134217728,1,0.0,0.0002677397569562645,0.02677397569562645,100.0,0.0,0.02677397569562645,0.0,0.0,0.0,0.0,1000704,1000972,0.0,0.000268000000000046,972,software-hit-rate/results/sunbird/hitrate01/comparison.csv
sunbird,2014,reuse2_256k,3,262144,2,0.600177,0.49988504184476845,10.02919581552315,20.063004443004644,0.62156,12.167495815523155,0.587262625,0.6125674999999999,0.600177,0.663357,500297,1000364,0.499703,0.500067,364,software-hit-rate/results/sunbird/hitrate01/comparison.csv
sunbird,2014,deeper_8m,3,8388608,1,0.000162,8.696356226745028e-05,0.007503643773254973,86.28491724129294,0.000171,0.008403643773254973,0.00012199999999999998,0.00020899999999999996,0.000162,0.005054,1000332,1000419,0.0,8.699999999994823e-05,419,software-hit-rate/results/sunbird/hitrate01/comparison.csv
sunbird,2014,resident_16k,3,16384,1,0.942115,0.9979265598288463,5.5811559828846224,5.59275222000489,0.946231,5.169555982884622,0.9158080000000001,0.965456525,0.942115,0.999273,2074,1000270,0.997926,0.998196,270,software-hit-rate/results/sunbird/hitrate01/comparison.csv
sunbird,2014,boundary_48k,3,49152,1,0.959055,0.002336151976832457,95.67188480231675,40952.76580937016,0.948601,94.62648480231675,0.9373556999999999,0.978764225,0.959055,0.999086,998026,1000363,0.0019740000000000313,0.0023370000000000335,363,software-hit-rate/results/sunbird/hitrate01/comparison.csv
sunbird,2014,reuse4_256k,3,262144,4,0.738065,0.7497890759326642,1.1724075932664224,1.563649872876665,0.763845,1.40559240673358,0.7215609249999998,0.7528428000000001,0.738065,0.794249,250301,1000360,0.749699,0.750059,360,software-hit-rate/results/sunbird/hitrate01/comparison.csv
sunbird,2014,nonresident_128k,3,131072,1,0.931839,6.797464545726939e-05,93.17710253545427,1370762.6116862616,0.896005,89.59370253545428,0.9106393000000002,0.9494062749999999,0.931839,0.966572,1000305,1000373,0.0,6.799999999995698e-05,373,software-hit-rate/results/sunbird/hitrate01/comparison.csv
sunbird,2014,reuse8_256k,3,262144,8,0.853023,0.8747639559631046,2.174095596310466,2.485351141287952,0.847111,2.7652955963104686,0.835876925,0.867684025,0.853023,0.890357,125279,1000343,0.874721,0.875064,343,software-hit-rate/results/sunbird/hitrate01/comparison.csv
artemisia,2023,reuse2_256k,1,262144,2,0.500137,0.5002779783176912,0.014097831769110947,0.02817999668208144,0.500161,0.011697831769119649,0.500104,0.50017,0.500137,0.502317,499761,1000078,0.500239,0.500317,78,software-hit-rate/results/artemisia/hitrate01/comparison.csv
artemisia,2023,reuse4_256k,1,262144,4,0.749842,0.7500169987080982,0.01749987080982285,0.02333263224695749,0.749837,0.017999870809826124,0.7498169999999998,0.749867,0.749842,0.751045,250002,1000076,0.7499979999999999,0.750074,76,software-hit-rate/results/artemisia/hitrate01/comparison.csv
artemisia,2023,large_128m,1,134217728,1,0.0,0.00018096742586337644,0.018096742586337644,100.0,0.0,0.018096742586337644,0.0,0.0,0.0,0.0,999999,1000180,1.0000000000287557e-06,0.00018099999999998673,180,software-hit-rate/results/artemisia/hitrate01/comparison.csv
artemisia,2023,nonresident_128k,1,131072,1,0.001012,0.001041916646668306,0.0029916646668305983,2.8713090211169208,0.001016,0.0025916646668306103,0.000994,0.001031,0.001012,0.00513,999038,1000080,0.0009620000000000184,0.0010419999999999874,80,software-hit-rate/results/artemisia/hitrate01/comparison.csv
artemisia,2023,reuse8_256k,1,262144,8,0.874813,0.8750264979861531,0.021349798615311055,0.0243990309601446,0.874831,0.019549798615303704,0.8747809750000001,0.874846,0.874813,0.875493,124983,1000076,0.875017,0.875093,76,software-hit-rate/results/artemisia/hitrate01/comparison.csv
artemisia,2023,resident_16k,1,16384,1,0.99944,0.999691022864308,0.02510228643080037,0.025110044860538475,0.99968,0.0011022864307985714,0.9988686500000001,0.9997240000000001,0.99944,0.999678,309,1000074,0.999691,0.999765,74,software-hit-rate/results/artemisia/hitrate01/comparison.csv
artemisia,2023,boundary_48k,1,49152,1,0.022837,0.02286817054635626,0.003117054635625935,0.1363053782246082,0.022721,0.01471705463562574,0.022576,0.023100999999999997,0.022837,0.026754,977210,1000080,0.022789999999999977,0.022869999999999946,80,software-hit-rate/results/artemisia/hitrate01/comparison.csv
artemisia,2023,deeper_8m,1,8388608,1,0.0,0.00014798401772608827,0.014798401772608827,100.0,0.0,0.014798401772608827,0.0,0.0,0.0,2e-06,999960,1000108,4.0000000000040004e-05,0.000148000000000037,108,software-hit-rate/results/artemisia/hitrate01/comparison.csv
artemisia,2023,boundary_48k,2,49152,1,0.023584,0.023627109831213522,0.004310983121352113,0.1824591815143179,0.023388,0.023910983121352286,0.023310975,0.023873025,0.023584,0.027563,976451,1000080,0.023549000000000042,0.02362900000000001,80,software-hit-rate/results/artemisia/hitrate01/comparison.csv
artemisia,2023,reuse2_256k,2,262144,2,0.500042,0.5001564879504279,0.01144879504278995,0.022890425933902264,0.500022,0.01344879504279195,0.5000109749999999,0.5000689999999999,0.500042,0.502211,499882,1000077,0.5001180000000001,0.500195,77,software-hit-rate/results/artemisia/hitrate01/comparison.csv
artemisia,2023,nonresident_128k,2,131072,1,0.001014,0.0010429155238426135,0.002891552384261362,2.7725662512026488,0.001019,0.0023915523842613605,0.0009960000000000001,0.001033,0.001014,0.005065,999038,1000081,0.0009620000000000184,0.0010430000000000161,81,software-hit-rate/results/artemisia/hitrate01/comparison.csv
artemisia,2023,reuse8_256k,2,262144,8,0.874766,0.8750043746718996,0.023837467189957717,0.02724268344246399,0.874787,0.021737467189963944,0.874735,0.8747979999999999,0.874766,0.875475,125005,1000075,0.874995,0.87507,75,software-hit-rate/results/artemisia/hitrate01/comparison.csv
artemisia,2023,reuse4_256k,2,262144,4,0.749897,0.7500652449761368,0.01682449761367666,0.02243071216319579,0.749889,0.01762449761367746,0.7498659749999999,0.749928,0.749897,0.751024,249954,1000077,0.750046,0.750123,77,software-hit-rate/results/artemisia/hitrate01/comparison.csv
artemisia,2023,deeper_8m,2,8388608,1,0.0,0.0001499838017494648,0.01499838017494648,100.0,0.0,0.01499838017494648,0.0,0.0,0.0,1e-06,999958,1000108,4.199999999998649e-05,0.00014999999999998348,108,software-hit-rate/results/artemisia/hitrate01/comparison.csv
artemisia,2023,resident_16k,2,16384,1,0.999462,0.9996920227903136,0.023002279031358874,0.02300936539150881,0.999716,0.0023977209686498746,0.9989098500000002,0.9997410000000001,0.999462,0.999674,308,1000074,0.999692,0.999766,74,software-hit-rate/results/artemisia/hitrate01/comparison.csv
artemisia,2023,large_128m,2,134217728,1,0.0,0.00018296834647602012,0.01829683464760201,100.0,0.0,0.01829683464760201,0.0,0.0,0.0,0.0,999990,1000173,9.99999999995449e-06,0.00018300000000004424,173,software-hit-rate/results/artemisia/hitrate01/comparison.csv
artemisia,2023,large_128m,3,134217728,1,0.0,0.0001819650627079561,0.01819650627079561,100.0,0.0,0.01819650627079561,0.0,0.0,0.0,0.0,1000010,1000192,0.0,0.00018200000000001548,192,software-hit-rate/results/artemisia/hitrate01/comparison.csv
artemisia,2023,reuse2_256k,3,262144,2,0.499931,0.5000354972667105,0.010449726671046822,0.02089796970048531,0.499922,0.011349726671050497,0.4999079999999999,0.499954,0.499931,0.502115,500003,1000077,0.499997,0.500074,77,software-hit-rate/results/artemisia/hitrate01/comparison.csv
artemisia,2023,deeper_8m,3,8388608,1,0.0,0.00013898498962117145,0.013898498962117145,100.0,0.0,0.013898498962117145,0.0,0.0,0.0,1e-06,999969,1000108,3.100000000000325e-05,0.00013900000000000023,108,software-hit-rate/results/artemisia/hitrate01/comparison.csv
artemisia,2023,resident_16k,3,16384,1,0.999344,0.999598030147739,0.02540301477389484,0.02541323012625417,0.99967,0.0071969852260989065,0.9986517499999998,0.999683,0.999344,0.999579,402,1000075,0.999598,0.999673,75,software-hit-rate/results/artemisia/hitrate01/comparison.csv
artemisia,2023,boundary_48k,3,49152,1,0.028625,0.028653707703383713,0.002870770338371173,0.100188442210994,0.028257,0.0396707703383712,0.028218974999999997,0.029030999999999998,0.028625,0.032454,971424,1000080,0.028576000000000046,0.028656000000000015,80,software-hit-rate/results/artemisia/hitrate01/comparison.csv
artemisia,2023,reuse4_256k,3,262144,4,0.749683,0.7500152488258405,0.033224882584048654,0.044298942769580595,0.749827,0.018824882584045355,0.7493949999999999,0.749843,0.749683,0.750965,250004,1000077,0.749996,0.750073,77,software-hit-rate/results/artemisia/hitrate01/comparison.csv
artemisia,2023,nonresident_128k,3,131072,1,0.002001,0.00202383809295259,0.002283809295258992,1.1284545454558217,0.002006,0.0017838092952590125,0.0019800000000000004,0.0020220000000000004,0.002001,0.005963,998056,1000080,0.0019439999999999458,0.0020240000000000258,80,software-hit-rate/results/artemisia/hitrate01/comparison.csv
artemisia,2023,reuse8_256k,3,262144,8,0.87482,0.8750043746718996,0.018437467189957868,0.021071285725710074,0.874806,0.01983746718996482,0.874792,0.8748450250000002,0.87482,0.875481,125005,1000075,0.874995,0.87507,75,software-hit-rate/results/artemisia/hitrate01/comparison.csv
