metric,cohort,host,year,observed,fitted,residual_transformed,transformed_unit
l1d_capacity_KiB,pooled_all_lab,sunbird,2014,32.0,29.096219738936714,0.13724017871990135,log2(KiB)
l1d_capacity_KiB,pooled_all_lab,charnwood,2015,32.0,30.956903913692955,0.04781071437055573,log2(KiB)
l1d_capacity_KiB,pooled_all_lab,ookay,2016,32.0,32.93657762142813,-0.04161874997878989,log2(KiB)
l1d_capacity_KiB,pooled_all_lab,upgrade,2017,32.0,35.042850164758235,-0.13104821432813551,log2(KiB)
l1d_capacity_KiB,pooled_all_lab,crux,2018,32.0,37.28381745621238,-0.22047767867748114,log2(KiB)
l1d_capacity_KiB,pooled_all_lab,skylark,2019,32.0,39.66809313661767,-0.30990714302682676,log2(KiB)
l1d_capacity_KiB,pooled_all_lab,thunderbird,2020,64.0,42.20484168348435,0.6006633926238276,log2(KiB)
l1d_capacity_KiB,pooled_all_lab,artemisia,2023,48.0,50.83058749939627,-0.08266249970305228,log2(KiB)
l1d_capacity_KiB,Intel_lab,sunbird,2014,32.0,29.546706278263667,0.1150745903057997,log2(KiB)
l1d_capacity_KiB,Intel_lab,charnwood,2015,32.0,30.953963671857828,0.04794774596074891,log2(KiB)
l1d_capacity_KiB,Intel_lab,ookay,2016,32.0,32.42824624765588,-0.019179098384301874,log2(KiB)
l1d_capacity_KiB,Intel_lab,upgrade,2017,32.0,33.972746296613195,-0.08630594272935266,log2(KiB)
l1d_capacity_KiB,Intel_lab,crux,2018,32.0,35.590808152860696,-0.15343278707440255,log2(KiB)
l1d_capacity_KiB,Intel_lab,artemisia,2023,48.0,44.91318126556373,0.0958954919214996,log2(KiB)
l1d_capacity_KiB,Intel_desktop,charnwood,2015,32.0,32.0,0.0,log2(KiB)
l1d_capacity_KiB,Intel_desktop,ookay,2016,32.0,32.0,0.0,log2(KiB)
l1d_capacity_KiB,Intel_desktop,upgrade,2017,32.0,32.0,0.0,log2(KiB)
l1d_capacity_KiB,Intel_desktop,crux,2018,32.0,32.0,0.0,log2(KiB)
l2_capacity_KiB,pooled_all_lab,sunbird,2014,256.0,168.30777146775776,0.6050420168067205,log2(KiB)
l2_capacity_KiB,pooled_all_lab,charnwood,2015,256.0,216.21196025577348,0.24369747899159488,log2(KiB)
l2_capacity_KiB,pooled_all_lab,ookay,2016,256.0,277.7507618927714,-0.11764705882353077,log2(KiB)
l2_capacity_KiB,pooled_all_lab,upgrade,2017,256.0,356.8048947928399,-0.47899159663865554,log2(KiB)
l2_capacity_KiB,pooled_all_lab,crux,2018,256.0,458.35961737983985,-0.8403361344537821,log2(KiB)
l2_capacity_KiB,pooled_all_lab,skylark,2019,512.0,588.8191050926382,-0.20168067226890685,log2(KiB)
l2_capacity_KiB,pooled_all_lab,thunderbird,2020,1024.0,756.4103061783932,0.4369747899159666,log2(KiB)
l2_capacity_KiB,pooled_all_lab,artemisia,2023,2048.0,1603.5557797632866,0.35294117647059053,log2(KiB)
l2_capacity_KiB,Intel_lab,sunbird,2014,256.0,170.05245992889388,0.5901639344262293,log2(KiB)
l2_capacity_KiB,Intel_lab,charnwood,2015,256.0,215.88188220603507,0.2459016393442619,log2(KiB)
l2_capacity_KiB,Intel_lab,ookay,2016,256.0,274.0624104132802,-0.09836065573770547,log2(KiB)
l2_capacity_KiB,Intel_lab,upgrade,2017,256.0,347.9226882497389,-0.44262295081967196,log2(KiB)
l2_capacity_KiB,Intel_lab,crux,2018,256.0,441.68843445689635,-0.7868852459016402,log2(KiB)
l2_capacity_KiB,Intel_lab,artemisia,2023,2048.0,1456.4058457756375,0.4918032786885238,log2(KiB)
l2_capacity_KiB,Intel_desktop,charnwood,2015,256.0,256.0,0.0,log2(KiB)
l2_capacity_KiB,Intel_desktop,ookay,2016,256.0,256.0,0.0,log2(KiB)
l2_capacity_KiB,Intel_desktop,upgrade,2017,256.0,256.0,0.0,log2(KiB)
l2_capacity_KiB,Intel_desktop,crux,2018,256.0,256.0,0.0,log2(KiB)
l2_l1_latency_ratio,pooled_all_lab,sunbird,2014,2.924812030075188,2.8504220779857503,0.07438995208943755,ratio
l2_l1_latency_ratio,pooled_all_lab,charnwood,2015,2.915680473372781,2.8782673326020816,0.03741314077069946,ratio
l2_l1_latency_ratio,pooled_all_lab,ookay,2016,2.9170212765957446,2.906112587218413,0.010908689377331804,ratio
l2_l1_latency_ratio,pooled_all_lab,upgrade,2017,2.9188144329896906,2.933957841834744,-0.015143408845053496,ratio
l2_l1_latency_ratio,pooled_all_lab,crux,2018,2.855507868383405,2.9618030964510753,-0.10629522806767033,ratio
l2_l1_latency_ratio,pooled_all_lab,skylark,2019,2.6470588235294117,2.989648351067406,-0.34258952753799443,ratio
l2_l1_latency_ratio,pooled_all_lab,thunderbird,2020,3.3333333333333335,3.0174936056837374,0.3158397276495961,ratio
l2_l1_latency_ratio,pooled_all_lab,artemisia,2023,3.1265060240963853,3.101029369532731,0.025476654563654222,ratio
l2_l1_latency_ratio,Intel_lab,sunbird,2014,2.924812030075188,2.8715006078990513,0.0533114221761366,ratio
l2_l1_latency_ratio,Intel_lab,charnwood,2015,2.915680473372781,2.894097368852677,0.021583104520103813,ratio
l2_l1_latency_ratio,Intel_lab,ookay,2016,2.9170212765957446,2.916694129806303,0.00032714678944145703,ratio
l2_l1_latency_ratio,Intel_lab,upgrade,2017,2.9188144329896906,2.939290890759929,-0.020476457770238543,ratio
l2_l1_latency_ratio,Intel_lab,crux,2018,2.855507868383405,2.961887651713555,-0.10637978333015008,ratio
l2_l1_latency_ratio,Intel_lab,artemisia,2023,3.1265060240963853,3.0748714564816853,0.05163456761470009,ratio
l2_l1_latency_ratio,Intel_desktop,charnwood,2015,2.915680473372781,2.928564711621533,-0.012884238248751956,ratio
l2_l1_latency_ratio,Intel_desktop,ookay,2016,2.9170212765957446,2.9106922457641144,0.006329030831630167,ratio
l2_l1_latency_ratio,Intel_desktop,upgrade,2017,2.9188144329896906,2.892819779906696,0.025994653082994645,ratio
l2_l1_latency_ratio,Intel_desktop,crux,2018,2.855507868383405,2.874947314049277,-0.01943944566587197,ratio
