name,block,median
random_s64_a16__l1_l2,1,18.89453125
random_s64_a16__l1_l2,2,18.84375
random_s64_a16__l1_l2,3,18.8359375
random_s64_a16__l1_l2,4,18.80859375
random_s64_a16__l1_l2,5,18.8046875
random_s64_a16__l1_l2,6,18.8125
random_s64_a16__l1_l2,7,18.8125
random_s64_a16__l1_l2,8,18.80078125
random_s64_a16__l1_l2,9,18.81640625
random_s64_a16__l1_l2,10,18.82421875
random_s64_a16__l3_loads,1,19.8359375
random_s64_a16__l3_loads,2,19.80078125
random_s64_a16__l3_loads,3,19.77734375
random_s64_a16__l3_loads,4,19.76953125
random_s64_a16__l3_loads,5,19.765625
random_s64_a16__l3_loads,6,19.76171875
random_s64_a16__l3_loads,7,19.7578125
random_s64_a16__l3_loads,8,19.76171875
random_s64_a16__l3_loads,9,19.765625
random_s64_a16__l3_loads,10,19.765625
random_s96_a0__l1_l2,1,19.34765625
random_s96_a0__l1_l2,2,19.31640625
random_s96_a0__l1_l2,3,19.30078125
random_s96_a0__l1_l2,4,19.2890625
random_s96_a0__l1_l2,5,19.2890625
random_s96_a0__l1_l2,6,19.2890625
random_s96_a0__l1_l2,7,19.2890625
random_s96_a0__l1_l2,8,19.2890625
random_s96_a0__l1_l2,9,19.29296875
random_s96_a0__l1_l2,10,19.28515625
random_s96_a0__l3_loads,1,18.40234375
random_s96_a0__l3_loads,2,18.37109375
random_s96_a0__l3_loads,3,18.34375
random_s96_a0__l3_loads,4,18.34765625
random_s96_a0__l3_loads,5,18.33203125
random_s96_a0__l3_loads,6,18.34375
random_s96_a0__l3_loads,7,18.3515625
random_s96_a0__l3_loads,8,18.34765625
random_s96_a0__l3_loads,9,18.34375
random_s96_a0__l3_loads,10,18.34765625
random_s64_a0__l1_l2,1,18.4296875
random_s64_a0__l1_l2,2,18.41015625
random_s64_a0__l1_l2,3,18.3828125
random_s64_a0__l1_l2,4,18.37109375
random_s64_a0__l1_l2,5,18.37890625
random_s64_a0__l1_l2,6,18.359375
random_s64_a0__l1_l2,7,18.3828125
random_s64_a0__l1_l2,8,18.3828125
random_s64_a0__l1_l2,9,18.38671875
random_s64_a0__l1_l2,10,18.37890625
random_s64_a0__l3_loads,1,18.2109375
random_s64_a0__l3_loads,2,18.19140625
random_s64_a0__l3_loads,3,18.16796875
random_s64_a0__l3_loads,4,18.18359375
random_s64_a0__l3_loads,5,18.1796875
random_s64_a0__l3_loads,6,18.171875
random_s64_a0__l3_loads,7,18.17578125
random_s64_a0__l3_loads,8,18.18359375
random_s64_a0__l3_loads,9,18.171875
random_s64_a0__l3_loads,10,18.1640625
random_s56_a16__l1_l2,1,16.0234375
random_s56_a16__l1_l2,2,16.0
random_s56_a16__l1_l2,3,15.97265625
random_s56_a16__l1_l2,4,15.98046875
random_s56_a16__l1_l2,5,15.97265625
random_s56_a16__l1_l2,6,15.96875
random_s56_a16__l1_l2,7,15.97265625
random_s56_a16__l1_l2,8,15.984375
random_s56_a16__l1_l2,9,15.984375
random_s56_a16__l1_l2,10,15.98046875
random_s56_a16__l3_loads,1,16.80078125
random_s56_a16__l3_loads,2,16.78125
random_s56_a16__l3_loads,3,16.76171875
random_s56_a16__l3_loads,4,16.7578125
random_s56_a16__l3_loads,5,16.76171875
random_s56_a16__l3_loads,6,16.76171875
random_s56_a16__l3_loads,7,16.76171875
random_s56_a16__l3_loads,8,16.7578125
random_s56_a16__l3_loads,9,16.7578125
random_s56_a16__l3_loads,10,16.7578125
fully_random_s64__l1_l2,1,25.22265625
fully_random_s64__l1_l2,2,25.203125
fully_random_s64__l1_l2,3,25.18359375
fully_random_s64__l1_l2,4,25.18359375
fully_random_s64__l1_l2,5,25.1796875
fully_random_s64__l1_l2,6,25.17578125
fully_random_s64__l1_l2,7,25.1796875
fully_random_s64__l1_l2,8,25.18359375
fully_random_s64__l1_l2,9,25.1875
fully_random_s64__l1_l2,10,25.1875
fully_random_s64__l3_loads,1,36.7578125
fully_random_s64__l3_loads,2,36.76171875
fully_random_s64__l3_loads,3,36.6484375
fully_random_s64__l3_loads,4,36.70703125
fully_random_s64__l3_loads,5,36.6796875
fully_random_s64__l3_loads,6,36.82421875
fully_random_s64__l3_loads,7,36.76953125
fully_random_s64__l3_loads,8,36.7578125
fully_random_s64__l3_loads,9,36.71484375
fully_random_s64__l3_loads,10,36.6484375
sequential_s72__l1_l2,1,15.80859375
sequential_s72__l1_l2,2,15.80859375
sequential_s72__l1_l2,3,15.8046875
sequential_s72__l1_l2,4,15.8125
sequential_s72__l1_l2,5,15.8046875
sequential_s72__l1_l2,6,15.8046875
sequential_s72__l1_l2,7,15.8046875
sequential_s72__l1_l2,8,15.8046875
sequential_s72__l1_l2,9,15.79296875
sequential_s72__l1_l2,10,15.80078125
sequential_s72__l3_loads,1,16.0234375
sequential_s72__l3_loads,2,16.0
sequential_s72__l3_loads,3,16.0
sequential_s72__l3_loads,4,16.0
sequential_s72__l3_loads,5,16.0078125
sequential_s72__l3_loads,6,16.0
sequential_s72__l3_loads,7,16.0078125
sequential_s72__l3_loads,8,16.00390625
sequential_s72__l3_loads,9,16.0
sequential_s72__l3_loads,10,16.00390625
sequential_s64__l1_l2,1,15.80078125
sequential_s64__l1_l2,2,15.78125
sequential_s64__l1_l2,3,15.78515625
sequential_s64__l1_l2,4,15.7890625
sequential_s64__l1_l2,5,15.78515625
sequential_s64__l1_l2,6,15.78515625
sequential_s64__l1_l2,7,15.78125
sequential_s64__l1_l2,8,15.78125
sequential_s64__l1_l2,9,15.78125
sequential_s64__l1_l2,10,15.78125
sequential_s64__l3_loads,1,15.484375
sequential_s64__l3_loads,2,15.484375
sequential_s64__l3_loads,3,15.48828125
sequential_s64__l3_loads,4,15.4921875
sequential_s64__l3_loads,5,15.48828125
sequential_s64__l3_loads,6,15.48828125
sequential_s64__l3_loads,7,15.4921875
sequential_s64__l3_loads,8,15.48828125
sequential_s64__l3_loads,9,15.484375
sequential_s64__l3_loads,10,15.48828125
random_s72_a0__l1_l2,1,19.68359375
random_s72_a0__l1_l2,2,19.65234375
random_s72_a0__l1_l2,3,19.640625
random_s72_a0__l1_l2,4,19.63671875
random_s72_a0__l1_l2,5,19.62890625
random_s72_a0__l1_l2,6,19.625
random_s72_a0__l1_l2,7,19.62109375
random_s72_a0__l1_l2,8,19.62890625
random_s72_a0__l1_l2,9,19.6328125
random_s72_a0__l1_l2,10,19.63671875
random_s72_a0__l3_loads,1,19.0625
random_s72_a0__l3_loads,2,19.046875
random_s72_a0__l3_loads,3,19.03125
random_s72_a0__l3_loads,4,19.015625
random_s72_a0__l3_loads,5,19.01953125
random_s72_a0__l3_loads,6,19.0078125
random_s72_a0__l3_loads,7,19.03125
random_s72_a0__l3_loads,8,19.03515625
random_s72_a0__l3_loads,9,19.0234375
random_s72_a0__l3_loads,10,19.0234375
random_s56_a0__l1_l2,1,17.01171875
random_s56_a0__l1_l2,2,16.96875
random_s56_a0__l1_l2,3,16.94140625
random_s56_a0__l1_l2,4,16.93359375
random_s56_a0__l1_l2,5,16.9375
random_s56_a0__l1_l2,6,16.9375
random_s56_a0__l1_l2,7,16.94140625
random_s56_a0__l1_l2,8,16.93359375
random_s56_a0__l1_l2,9,16.93359375
random_s56_a0__l1_l2,10,16.9375
random_s56_a0__l3_loads,1,16.8671875
random_s56_a0__l3_loads,2,16.8515625
random_s56_a0__l3_loads,3,16.82421875
random_s56_a0__l3_loads,4,16.81640625
random_s56_a0__l3_loads,5,16.8203125
random_s56_a0__l3_loads,6,16.8203125
random_s56_a0__l3_loads,7,16.8203125
random_s56_a0__l3_loads,8,16.81640625
random_s56_a0__l3_loads,9,16.8203125
random_s56_a0__l3_loads,10,16.8203125
random_s32_a0__l1_l2,1,12.359375
random_s32_a0__l1_l2,2,12.328125
random_s32_a0__l1_l2,3,12.3125
random_s32_a0__l1_l2,4,12.30859375
random_s32_a0__l1_l2,5,12.30859375
random_s32_a0__l1_l2,6,12.3203125
random_s32_a0__l1_l2,7,12.31640625
random_s32_a0__l1_l2,8,12.3125
random_s32_a0__l1_l2,9,12.31640625
random_s32_a0__l1_l2,10,12.30859375
random_s32_a0__l3_loads,1,12.88671875
random_s32_a0__l3_loads,2,12.86328125
random_s32_a0__l3_loads,3,12.84765625
random_s32_a0__l3_loads,4,12.83984375
random_s32_a0__l3_loads,5,12.8515625
random_s32_a0__l3_loads,6,12.86328125
random_s32_a0__l3_loads,7,12.859375
random_s32_a0__l3_loads,8,12.85546875
random_s32_a0__l3_loads,9,12.859375
random_s32_a0__l3_loads,10,12.84375
random_s72_a16__l1_l2,1,19.0234375
random_s72_a16__l1_l2,2,18.99609375
random_s72_a16__l1_l2,3,18.984375
random_s72_a16__l1_l2,4,18.96875
random_s72_a16__l1_l2,5,18.9765625
random_s72_a16__l1_l2,6,18.97265625
random_s72_a16__l1_l2,7,18.9765625
random_s72_a16__l1_l2,8,18.98046875
random_s72_a16__l1_l2,9,18.9765625
random_s72_a16__l1_l2,10,18.97265625
random_s72_a16__l3_loads,1,18.90625
random_s72_a16__l3_loads,2,18.87890625
random_s72_a16__l3_loads,3,18.86328125
random_s72_a16__l3_loads,4,18.86328125
random_s72_a16__l3_loads,5,18.86328125
random_s72_a16__l3_loads,6,18.86328125
random_s72_a16__l3_loads,7,18.86328125
random_s72_a16__l3_loads,8,18.86328125
random_s72_a16__l3_loads,9,18.8671875
random_s72_a16__l3_loads,10,18.86328125
sequential_s56__l1_l2,1,10.8671875
sequential_s56__l1_l2,2,10.859375
sequential_s56__l1_l2,3,10.859375
sequential_s56__l1_l2,4,10.859375
sequential_s56__l1_l2,5,10.859375
sequential_s56__l1_l2,6,10.859375
sequential_s56__l1_l2,7,10.859375
sequential_s56__l1_l2,8,10.85546875
sequential_s56__l1_l2,9,10.859375
sequential_s56__l1_l2,10,10.85546875
sequential_s56__l3_loads,1,10.88671875
sequential_s56__l3_loads,2,10.8828125
sequential_s56__l3_loads,3,10.8828125
sequential_s56__l3_loads,4,10.8828125
sequential_s56__l3_loads,5,10.8828125
sequential_s56__l3_loads,6,10.87890625
sequential_s56__l3_loads,7,10.87890625
sequential_s56__l3_loads,8,10.87890625
sequential_s56__l3_loads,9,10.8828125
sequential_s56__l3_loads,10,10.8828125
