name,group,column,samples,batch,spacing,seed,pages,mode,bytes,units,n,mean,std,median,q1,q3,p05,p95,p99,minimum,maximum,whisker_low,whisker_high,outliers,raw_file
calibration__l1_independent,calibration,first,1000000,256,64,59221,huge,independent,8192,TSC ticks / load (four-stream throughput),1000000,1.21161753125,0.3909711500895126,1.171875,1.171875,1.171875,1.15625,1.46484375,1.54296875,1.15625,102.21875,1.171875,1.171875,410079,raw/calibration__l1_independent.u64.gz
calibration__l1_long,calibration,first,1000000,1024,64,59221,huge,chase,8192,TSC ticks / dependent load,1000000,4.06225194140625,0.27587428055351426,4.0390625,4.0390625,4.0390625,4.0390625,4.0390625,4.8046875,4.0390625,36.62109375,4.0390625,4.0390625,23373,raw/calibration__l1_long.u64.gz
calibration__l1_sequential,calibration,first,1000000,256,64,59221,huge,sequential,8192,TSC ticks / dependent load,1000000,4.219164015625,0.6013253348420213,4.15625,4.15625,4.15625,4.15625,4.53125,5.46875,4.15625,105.8984375,4.15625,4.15625,182634,raw/calibration__l1_sequential.u64.gz
calibration__l2_independent,calibration,first,1000000,256,64,59221,huge,independent,65536,TSC ticks / load (four-stream throughput),1000000,3.31173875,0.5061025651585076,3.28125,3.21875,3.3125,3.1875,3.578125,4.140625,3.171875,103.41015625,3.171875,3.453125,63635,raw/calibration__l2_independent.u64.gz
calibration__l2_long,calibration,first,1000000,1024,64,59221,huge,chase,65536,TSC ticks / dependent load,1000000,12.077217245117188,0.44169557219318517,12.0390625,12.0390625,12.0390625,12.03515625,12.0390625,12.541015625,12.02734375,39.7802734375,12.0390625,12.0390625,276415,raw/calibration__l2_long.u64.gz
calibration__l2_sequential,calibration,first,1000000,256,64,59221,huge,sequential,65536,TSC ticks / dependent load,1000000,6.35694094921875,0.753576835604525,6.53125,6.03125,6.5625,6.03125,6.65625,7.9296875,6.03125,106.2890625,6.03125,7.359375,21649,raw/calibration__l2_sequential.u64.gz
calibration__llc_independent,calibration,first,1000000,256,64,59221,huge,independent,4194304,TSC ticks / load (four-stream throughput),1000000,11.31435633984375,1.0290474080893317,11.265625,11.1875,11.359375,11.0625,11.515625,11.75,10.8125,146.453125,10.9375,11.609375,22474,raw/calibration__llc_independent.u64.gz
calibration__llc_long,calibration,first,1000000,1024,64,59221,huge,chase,4194304,TSC ticks / dependent load,1000000,41.70160390234375,0.9038552488667587,41.59375,41.4921875,41.71875,41.32421875,41.87109375,48.12109375,41.08984375,75.73046875,41.15234375,42.05859375,31991,raw/calibration__llc_long.u64.gz
calibration__llc_sequential,calibration,first,1000000,256,64,59221,huge,sequential,4194304,TSC ticks / dependent load,1000000,9.17537678125,1.1804484689967962,9.078125,8.953125,9.21875,8.78125,9.46875,11.625,8.53125,107.65625,8.5625,9.6171875,37332,raw/calibration__llc_sequential.u64.gz
calibration__memory_independent,calibration,first,1000000,256,64,59221,huge,independent,268435456,TSC ticks / load (four-stream throughput),1000000,54.637670828125,3.5254630595883416,55.65625,51.359375,56.453125,49.90625,57.390625,58.734375,48.859375,190.328125,48.859375,63.578125,5605,raw/calibration__memory_independent.u64.gz
calibration__memory_sequential,calibration,first,1000000,256,64,59221,huge,sequential,268435456,TSC ticks / dependent load,1000000,27.380176546875,4.51536239232231,26.734375,24.84375,28.40625,23.640625,31.34375,47.828125,22.515625,138.578125,22.515625,33.75,31676,raw/calibration__memory_sequential.u64.gz
calibration__timer,calibration,first,1000000,256,64,59221,huge,empty,8192,TSC ticks / timer interval,1000000,60.468364,55.462318119893226,58.0,56.0,65.0,52.0,75.0,80.0,52.0,24341.0,52.0,75.0,14372,raw/calibration__timer.u64.gz
l1_hit__alternate,l1_hit,first,1000000,256,64,59221,huge,chase,16384,TSC ticks / dependent load,1000000,4.21632037890625,0.6038285409348325,4.15625,4.15625,4.15625,4.15625,4.5,5.46875,4.15625,105.9765625,4.15625,4.15625,113196,raw/l1_hit__alternate.u64.gz
l1_hit__primary,l1_hit,first,1000000,256,64,59221,huge,chase,8192,TSC ticks / dependent load,1000000,4.2178779296875,0.6025655370322206,4.15625,4.15625,4.15625,4.15625,4.53125,5.46875,4.15625,107.16796875,4.15625,4.15625,177020,raw/l1_hit__primary.u64.gz
l1_hit__repeat,l1_hit,first,1000000,256,64,59222,huge,chase,8192,TSC ticks / dependent load,1000000,4.2181153203125,0.5966602363587544,4.15625,4.15625,4.15625,4.15625,4.53125,5.46875,4.15625,107.890625,4.15625,4.15625,123820,raw/l1_hit__repeat.u64.gz
l1_miss__alternate,l1_miss,first,1000000,256,64,59221,huge,paired,131072,TSC ticks / dependent load,1000000,12.20832001953125,0.8944878951387392,12.15625,12.15625,12.15625,12.125,12.1875,13.234375,12.109375,111.38671875,12.15625,12.15625,413828,raw/l1_miss__alternate.u64.gz
l1_miss__alternate,l1_miss,reread,1000000,256,64,59221,huge,paired,131072,TSC ticks / dependent load,1000000,4.5410858125,0.6167239897869132,4.4375,4.4375,4.734375,4.15625,4.96875,5.046875,4.15625,101.80078125,4.15625,5.17578125,8123,raw/l1_miss__alternate.u64.gz
l1_miss__alternate,l1_miss,first_minus_reread,1000000,256,64,59221,huge,paired,131072,TSC ticks / dependent load,1000000,7.66723420703125,1.0245074603994315,7.6875,7.46875,7.734375,7.15625,8.0,8.40625,-88.46484375,105.44921875,7.078125,8.1328125,13114,raw/l1_miss__alternate.u64.gz
l1_miss__primary,l1_miss,first,1000000,256,64,59221,huge,paired,65536,TSC ticks / dependent load,1000000,12.22421887109375,0.8679138311410877,12.171875,12.15625,12.171875,12.140625,12.1875,13.8046875,12.109375,112.828125,12.140625,12.1875,36288,raw/l1_miss__primary.u64.gz
l1_miss__primary,l1_miss,reread,1000000,256,64,59221,huge,paired,65536,TSC ticks / dependent load,1000000,4.1923709296875,0.5865423946713987,4.15625,4.15625,4.1875,4.15625,4.1875,4.71875,4.15625,102.12890625,4.15625,4.234375,40989,raw/l1_miss__primary.u64.gz
l1_miss__primary,l1_miss,first_minus_reread,1000000,256,64,59221,huge,paired,65536,TSC ticks / dependent load,1000000,8.03184794140625,0.9862156205898663,8.0,7.984375,8.015625,7.984375,8.03125,9.0625,-87.64453125,107.828125,7.9375,8.0625,45665,raw/l1_miss__primary.u64.gz
l1_miss__repeat,l1_miss,first,1000000,256,64,59222,huge,paired,65536,TSC ticks / dependent load,1000000,12.18601727734375,0.9286669675284791,12.125,12.125,12.15625,12.09375,12.15625,13.734375,12.046875,110.15625,12.078125,12.203125,35849,raw/l1_miss__repeat.u64.gz
l1_miss__repeat,l1_miss,reread,1000000,256,64,59222,huge,paired,65536,TSC ticks / dependent load,1000000,4.40390733203125,0.670762620798708,4.4375,4.1875,4.71875,4.15625,4.71875,4.9140625,4.15625,103.20703125,4.15625,5.515625,3591,raw/l1_miss__repeat.u64.gz
l1_miss__repeat,l1_miss,first_minus_reread,1000000,256,64,59222,huge,paired,65536,TSC ticks / dependent load,1000000,7.7821099453125,1.0970174002426452,7.828125,7.546875,8.0,7.40625,8.0,8.6875,-88.0703125,104.94140625,6.875,8.671875,10693,raw/l1_miss__repeat.u64.gz
l2_hit__alternate,l2_hit,first,1000000,256,64,59221,huge,chase,131072,TSC ticks / dependent load,1000000,12.21566996875,0.9544332056846236,12.15625,12.125,12.15625,12.125,12.15625,14.4375,12.109375,115.921875,12.109375,12.203125,32010,raw/l2_hit__alternate.u64.gz
l2_hit__primary,l2_hit,first,1000000,256,64,59221,huge,chase,65536,TSC ticks / dependent load,1000000,12.2251900703125,0.9670154328776354,12.15625,12.15625,12.15625,12.140625,12.15625,14.453125,12.09375,111.6015625,12.15625,12.15625,207061,raw/l2_hit__primary.u64.gz
l2_hit__repeat,l2_hit,first,1000000,256,64,59222,huge,chase,65536,TSC ticks / dependent load,1000000,12.20223480859375,0.9131659954730064,12.140625,12.109375,12.15625,12.09375,12.171875,14.40625,12.046875,111.796875,12.046875,12.21875,25218,raw/l2_hit__repeat.u64.gz
l2_miss__alternate,l2_miss,first,1000000,256,64,59221,huge,paired,8388608,TSC ticks / dependent load,1000000,41.84034054296875,1.8843666925451166,41.71875,41.46875,41.984375,41.109375,42.328125,42.53125,40.453125,173.0,40.703125,42.7578125,8744,raw/l2_miss__alternate.u64.gz
l2_miss__alternate,l2_miss,reread,1000000,256,64,59221,huge,paired,8388608,TSC ticks / dependent load,1000000,4.57567148828125,0.7074949197715311,4.5,4.40625,4.75,4.15625,5.09375,5.40625,4.15625,80.109375,4.15625,5.265625,21075,raw/l2_miss__alternate.u64.gz
l2_miss__alternate,l2_miss,first_minus_reread,1000000,256,64,59221,huge,paired,8388608,TSC ticks / dependent load,1000000,37.2646690546875,1.9257000039024346,37.1875,36.8125,37.5,36.421875,37.921875,38.1875,-37.96875,166.6875,35.78125,38.53125,7012,raw/l2_miss__alternate.u64.gz
l2_miss__primary,l2_miss,first,1000000,256,64,59221,huge,paired,4194304,TSC ticks / dependent load,1000000,41.8324685703125,1.852503282496939,41.71875,41.5,41.9375,41.15625,42.28125,42.65625,40.6875,167.28125,40.84375,42.59375,17015,raw/l2_miss__primary.u64.gz
l2_miss__primary,l2_miss,reread,1000000,256,64,59221,huge,paired,4194304,TSC ticks / dependent load,1000000,4.57118246484375,0.7509943605317893,4.484375,4.34375,4.75,4.15625,5.0625,5.375,4.15625,44.078125,4.15625,5.359375,16108,raw/l2_miss__primary.u64.gz
l2_miss__primary,l2_miss,first_minus_reread,1000000,256,64,59221,huge,paired,4194304,TSC ticks / dependent load,1000000,37.26128610546875,1.9131841905505238,37.1875,36.859375,37.46875,36.359375,37.890625,38.21875,-2.453125,162.359375,35.953125,38.37890625,6643,raw/l2_miss__primary.u64.gz
l2_miss__repeat,l2_miss,first,1000000,256,64,59222,huge,paired,4194304,TSC ticks / dependent load,1000000,41.8341028125,1.8556451148113648,41.703125,41.453125,41.984375,41.125,42.296875,42.6875,40.8125,181.859375,40.8125,42.78125,6354,raw/l2_miss__repeat.u64.gz
l2_miss__repeat,l2_miss,reread,1000000,256,64,59222,huge,paired,4194304,TSC ticks / dependent load,1000000,4.5927481484375,0.7180817293937465,4.53125,4.375,4.78125,4.15625,5.09375,5.46875,4.15625,95.015625,4.15625,5.390625,13648,raw/l2_miss__repeat.u64.gz
l2_miss__repeat,l2_miss,first_minus_reread,1000000,256,64,59222,huge,paired,4194304,TSC ticks / dependent load,1000000,37.2413546640625,1.9056313467034391,37.125,36.8125,37.515625,36.359375,37.953125,38.25,-52.84375,176.5,35.765625,38.5703125,7045,raw/l2_miss__repeat.u64.gz
llc_hit__alternate,llc_hit,first,1000000,256,64,59221,huge,chase,8388608,TSC ticks / dependent load,1000000,41.8447568515625,1.925961516598468,41.703125,41.484375,41.96875,41.140625,42.328125,42.765625,40.609375,148.625,40.765625,42.6953125,24440,raw/llc_hit__alternate.u64.gz
llc_hit__primary,llc_hit,first,1000000,256,64,59221,huge,chase,4194304,TSC ticks / dependent load,1000000,41.82752419140625,1.8455619038586417,41.734375,41.46875,41.984375,41.09375,42.328125,42.640625,40.34375,137.81640625,40.703125,42.7578125,19295,raw/llc_hit__primary.u64.gz
llc_hit__repeat,llc_hit,first,1000000,256,64,59222,huge,chase,4194304,TSC ticks / dependent load,1000000,41.829876125,1.8668102826647939,41.71875,41.46875,41.96875,41.109375,42.265625,42.9375,40.46875,138.28515625,40.71875,42.71875,14677,raw/llc_hit__repeat.u64.gz
llc_miss__alternate,llc_miss,first,1000000,256,64,59221,huge,paired,536870912,TSC ticks / dependent load,1000000,211.136889640625,5.162519971702218,211.0,208.53125,213.015625,204.734375,215.828125,237.828125,196.609375,359.296875,201.8125,219.734375,28876,raw/llc_miss__alternate.u64.gz
llc_miss__alternate,llc_miss,reread,1000000,256,64,59221,huge,paired,536870912,TSC ticks / dependent load,1000000,11.67562528125,1.1020797498231791,11.59375,11.34375,11.875,11.0625,12.34375,13.3125,10.46875,83.40625,10.5625,12.671875,19980,raw/llc_miss__alternate.u64.gz
llc_miss__alternate,llc_miss,first_minus_reread,1000000,256,64,59221,huge,paired,536870912,TSC ticks / dependent load,1000000,199.461264359375,5.116309604939435,199.375,196.90625,201.40625,193.0625,204.265625,224.765625,122.40625,344.015625,190.15625,208.15625,30054,raw/llc_miss__alternate.u64.gz
llc_miss__primary,llc_miss,first,1000000,256,64,59221,huge,paired,268435456,TSC ticks / dependent load,1000000,209.94719459375,5.196542820897095,209.796875,207.1875,211.921875,203.4375,215.03125,235.765625,194.796875,346.1875,200.09375,219.015625,28355,raw/llc_miss__primary.u64.gz
llc_miss__primary,llc_miss,reread,1000000,256,64,59221,huge,paired,268435456,TSC ticks / dependent load,1000000,10.668207734375,1.0315560939134387,10.59375,10.34375,10.875,10.0,11.375,12.140625,9.21875,79.1875,9.546875,11.671875,20777,raw/llc_miss__primary.u64.gz
llc_miss__primary,llc_miss,first_minus_reread,1000000,256,64,59221,huge,paired,268435456,TSC ticks / dependent load,1000000,199.278986859375,5.15285063414877,199.171875,196.5625,201.3125,192.78125,204.46875,223.875,132.171875,334.8125,189.4375,208.4375,29357,raw/llc_miss__primary.u64.gz
llc_miss__repeat,llc_miss,first,1000000,256,64,59222,huge,paired,268435456,TSC ticks / dependent load,1000000,210.037778671875,5.493516118167242,209.8125,207.21875,211.953125,203.390625,215.171875,238.046875,194.875,337.0625,200.125,219.046875,28826,raw/llc_miss__repeat.u64.gz
llc_miss__repeat,llc_miss,reread,1000000,256,64,59222,huge,paired,268435456,TSC ticks / dependent load,1000000,10.665934328125,1.1120710723130975,10.59375,10.34375,10.875,10.0,11.34375,12.296875,9.359375,80.125,9.546875,11.671875,21135,raw/llc_miss__repeat.u64.gz
llc_miss__repeat,llc_miss,first_minus_reread,1000000,256,64,59222,huge,paired,268435456,TSC ticks / dependent load,1000000,199.37184434375,5.442917542522993,199.203125,196.609375,201.359375,192.75,204.59375,226.046875,125.65625,326.078125,189.484375,208.484375,29825,raw/llc_miss__repeat.u64.gz
