name,column,block,median
calibration__l1_independent,first,1,1.03125
calibration__l1_independent,first,2,1.03125
calibration__l1_independent,first,3,1.03125
calibration__l1_independent,first,4,1.03125
calibration__l1_independent,first,5,1.03125
calibration__l1_independent,first,6,1.03125
calibration__l1_independent,first,7,1.03125
calibration__l1_independent,first,8,1.03125
calibration__l1_independent,first,9,1.03125
calibration__l1_independent,first,10,1.03125
calibration__l1_long,first,1,2.9765625
calibration__l1_long,first,2,2.9765625
calibration__l1_long,first,3,2.9765625
calibration__l1_long,first,4,2.9765625
calibration__l1_long,first,5,2.9765625
calibration__l1_long,first,6,2.9765625
calibration__l1_long,first,7,2.9765625
calibration__l1_long,first,8,2.9765625
calibration__l1_long,first,9,2.9765625
calibration__l1_long,first,10,2.9765625
calibration__l1_sequential,first,1,3.1875
calibration__l1_sequential,first,2,3.1875
calibration__l1_sequential,first,3,3.1875
calibration__l1_sequential,first,4,3.1875
calibration__l1_sequential,first,5,3.1875
calibration__l1_sequential,first,6,3.1875
calibration__l1_sequential,first,7,3.1875
calibration__l1_sequential,first,8,3.1875
calibration__l1_sequential,first,9,3.1875
calibration__l1_sequential,first,10,3.1875
calibration__l2_independent,first,1,2.71875
calibration__l2_independent,first,2,2.71875
calibration__l2_independent,first,3,2.71875
calibration__l2_independent,first,4,2.71875
calibration__l2_independent,first,5,2.71875
calibration__l2_independent,first,6,2.71875
calibration__l2_independent,first,7,2.71875
calibration__l2_independent,first,8,2.71875
calibration__l2_independent,first,9,2.71875
calibration__l2_independent,first,10,2.71875
calibration__l2_long,first,1,8.25
calibration__l2_long,first,2,8.25
calibration__l2_long,first,3,8.25
calibration__l2_long,first,4,8.25
calibration__l2_long,first,5,8.25
calibration__l2_long,first,6,8.25
calibration__l2_long,first,7,8.25
calibration__l2_long,first,8,8.25
calibration__l2_long,first,9,8.25
calibration__l2_long,first,10,8.25
calibration__l2_sequential,first,1,4.21875
calibration__l2_sequential,first,2,4.21875
calibration__l2_sequential,first,3,4.21875
calibration__l2_sequential,first,4,4.21875
calibration__l2_sequential,first,5,4.21875
calibration__l2_sequential,first,6,4.21875
calibration__l2_sequential,first,7,4.21875
calibration__l2_sequential,first,8,4.21875
calibration__l2_sequential,first,9,4.21875
calibration__l2_sequential,first,10,4.21875
calibration__llc_independent,first,1,7.3125
calibration__llc_independent,first,2,7.3125
calibration__llc_independent,first,3,7.3125
calibration__llc_independent,first,4,7.3125
calibration__llc_independent,first,5,7.3125
calibration__llc_independent,first,6,7.3125
calibration__llc_independent,first,7,7.3125
calibration__llc_independent,first,8,7.3125
calibration__llc_independent,first,9,7.3125
calibration__llc_independent,first,10,7.3125
calibration__llc_long,first,1,26.953125
calibration__llc_long,first,2,26.9296875
calibration__llc_long,first,3,26.9296875
calibration__llc_long,first,4,26.9296875
calibration__llc_long,first,5,26.9296875
calibration__llc_long,first,6,26.953125
calibration__llc_long,first,7,26.9296875
calibration__llc_long,first,8,26.9296875
calibration__llc_long,first,9,26.9296875
calibration__llc_long,first,10,26.953125
calibration__llc_sequential,first,1,4.6875
calibration__llc_sequential,first,2,4.6875
calibration__llc_sequential,first,3,4.6875
calibration__llc_sequential,first,4,4.6875
calibration__llc_sequential,first,5,4.6875
calibration__llc_sequential,first,6,4.6875
calibration__llc_sequential,first,7,4.6875
calibration__llc_sequential,first,8,4.6875
calibration__llc_sequential,first,9,4.6875
calibration__llc_sequential,first,10,4.6875
calibration__memory_independent,first,1,73.96875
calibration__memory_independent,first,2,73.96875
calibration__memory_independent,first,3,73.96875
calibration__memory_independent,first,4,73.96875
calibration__memory_independent,first,5,73.96875
calibration__memory_independent,first,6,73.96875
calibration__memory_independent,first,7,73.96875
calibration__memory_independent,first,8,73.96875
calibration__memory_independent,first,9,73.96875
calibration__memory_independent,first,10,73.96875
calibration__memory_sequential,first,1,11.15625
calibration__memory_sequential,first,2,11.15625
calibration__memory_sequential,first,3,11.15625
calibration__memory_sequential,first,4,11.15625
calibration__memory_sequential,first,5,11.15625
calibration__memory_sequential,first,6,11.15625
calibration__memory_sequential,first,7,11.15625
calibration__memory_sequential,first,8,11.15625
calibration__memory_sequential,first,9,11.15625
calibration__memory_sequential,first,10,11.15625
calibration__timer,first,1,72.0
calibration__timer,first,2,72.0
calibration__timer,first,3,72.0
calibration__timer,first,4,72.0
calibration__timer,first,5,72.0
calibration__timer,first,6,72.0
calibration__timer,first,7,72.0
calibration__timer,first,8,72.0
calibration__timer,first,9,72.0
calibration__timer,first,10,72.0
l1_hit__alternate,first,1,3.1875
l1_hit__alternate,first,2,3.1875
l1_hit__alternate,first,3,3.1875
l1_hit__alternate,first,4,3.1875
l1_hit__alternate,first,5,3.1875
l1_hit__alternate,first,6,3.1875
l1_hit__alternate,first,7,3.1875
l1_hit__alternate,first,8,3.1875
l1_hit__alternate,first,9,3.1875
l1_hit__alternate,first,10,3.1875
l1_hit__primary,first,1,3.1875
l1_hit__primary,first,2,3.1875
l1_hit__primary,first,3,3.1875
l1_hit__primary,first,4,3.1875
l1_hit__primary,first,5,3.1875
l1_hit__primary,first,6,3.1875
l1_hit__primary,first,7,3.1875
l1_hit__primary,first,8,3.1875
l1_hit__primary,first,9,3.1875
l1_hit__primary,first,10,3.1875
l1_hit__repeat,first,1,3.1875
l1_hit__repeat,first,2,3.1875
l1_hit__repeat,first,3,3.1875
l1_hit__repeat,first,4,3.1875
l1_hit__repeat,first,5,3.1875
l1_hit__repeat,first,6,3.1875
l1_hit__repeat,first,7,3.1875
l1_hit__repeat,first,8,3.1875
l1_hit__repeat,first,9,3.1875
l1_hit__repeat,first,10,3.1875
l1_miss__alternate,first,1,8.90625
l1_miss__alternate,first,2,8.8125
l1_miss__alternate,first,3,8.8125
l1_miss__alternate,first,4,8.8125
l1_miss__alternate,first,5,8.8125
l1_miss__alternate,first,6,8.8125
l1_miss__alternate,first,7,8.8125
l1_miss__alternate,first,8,8.8125
l1_miss__alternate,first,9,8.8125
l1_miss__alternate,first,10,8.8125
l1_miss__alternate,reread,1,3.65625
l1_miss__alternate,reread,2,3.9375
l1_miss__alternate,reread,3,3.9375
l1_miss__alternate,reread,4,3.9375
l1_miss__alternate,reread,5,3.9375
l1_miss__alternate,reread,6,3.9375
l1_miss__alternate,reread,7,3.9375
l1_miss__alternate,reread,8,3.9375
l1_miss__alternate,reread,9,3.9375
l1_miss__alternate,reread,10,3.9375
l1_miss__alternate,first_minus_reread,1,5.25
l1_miss__alternate,first_minus_reread,2,4.96875
l1_miss__alternate,first_minus_reread,3,4.96875
l1_miss__alternate,first_minus_reread,4,4.96875
l1_miss__alternate,first_minus_reread,5,4.96875
l1_miss__alternate,first_minus_reread,6,4.96875
l1_miss__alternate,first_minus_reread,7,4.96875
l1_miss__alternate,first_minus_reread,8,4.96875
l1_miss__alternate,first_minus_reread,9,4.96875
l1_miss__alternate,first_minus_reread,10,4.96875
l1_miss__primary,first,1,8.4375
l1_miss__primary,first,2,8.34375
l1_miss__primary,first,3,8.34375
l1_miss__primary,first,4,8.34375
l1_miss__primary,first,5,8.34375
l1_miss__primary,first,6,8.34375
l1_miss__primary,first,7,8.34375
l1_miss__primary,first,8,8.34375
l1_miss__primary,first,9,8.34375
l1_miss__primary,first,10,8.34375
l1_miss__primary,reread,1,4.125
l1_miss__primary,reread,2,4.3125
l1_miss__primary,reread,3,4.3125
l1_miss__primary,reread,4,4.3125
l1_miss__primary,reread,5,4.3125
l1_miss__primary,reread,6,4.3125
l1_miss__primary,reread,7,4.3125
l1_miss__primary,reread,8,4.3125
l1_miss__primary,reread,9,4.3125
l1_miss__primary,reread,10,4.3125
l1_miss__primary,first_minus_reread,1,4.3125
l1_miss__primary,first_minus_reread,2,4.125
l1_miss__primary,first_minus_reread,3,4.125
l1_miss__primary,first_minus_reread,4,4.125
l1_miss__primary,first_minus_reread,5,4.125
l1_miss__primary,first_minus_reread,6,4.125
l1_miss__primary,first_minus_reread,7,4.125
l1_miss__primary,first_minus_reread,8,4.125
l1_miss__primary,first_minus_reread,9,4.125
l1_miss__primary,first_minus_reread,10,4.125
l1_miss__repeat,first,1,8.90625
l1_miss__repeat,first,2,8.4375
l1_miss__repeat,first,3,8.4375
l1_miss__repeat,first,4,8.4375
l1_miss__repeat,first,5,8.4375
l1_miss__repeat,first,6,8.4375
l1_miss__repeat,first,7,8.4375
l1_miss__repeat,first,8,8.4375
l1_miss__repeat,first,9,8.4375
l1_miss__repeat,first,10,8.4375
l1_miss__repeat,reread,1,3.5625
l1_miss__repeat,reread,2,4.40625
l1_miss__repeat,reread,3,4.40625
l1_miss__repeat,reread,4,4.40625
l1_miss__repeat,reread,5,4.40625
l1_miss__repeat,reread,6,4.40625
l1_miss__repeat,reread,7,4.40625
l1_miss__repeat,reread,8,4.40625
l1_miss__repeat,reread,9,4.40625
l1_miss__repeat,reread,10,4.40625
l1_miss__repeat,first_minus_reread,1,5.4375
l1_miss__repeat,first_minus_reread,2,4.03125
l1_miss__repeat,first_minus_reread,3,4.03125
l1_miss__repeat,first_minus_reread,4,4.03125
l1_miss__repeat,first_minus_reread,5,4.03125
l1_miss__repeat,first_minus_reread,6,4.03125
l1_miss__repeat,first_minus_reread,7,4.03125
l1_miss__repeat,first_minus_reread,8,4.03125
l1_miss__repeat,first_minus_reread,9,4.03125
l1_miss__repeat,first_minus_reread,10,4.03125
l2_hit__alternate,first,1,8.8125
l2_hit__alternate,first,2,8.8125
l2_hit__alternate,first,3,8.8125
l2_hit__alternate,first,4,8.8125
l2_hit__alternate,first,5,8.8125
l2_hit__alternate,first,6,8.8125
l2_hit__alternate,first,7,8.8125
l2_hit__alternate,first,8,8.8125
l2_hit__alternate,first,9,8.8125
l2_hit__alternate,first,10,8.8125
l2_hit__primary,first,1,8.4375
l2_hit__primary,first,2,8.4375
l2_hit__primary,first,3,8.4375
l2_hit__primary,first,4,8.4375
l2_hit__primary,first,5,8.4375
l2_hit__primary,first,6,8.4375
l2_hit__primary,first,7,8.4375
l2_hit__primary,first,8,8.4375
l2_hit__primary,first,9,8.4375
l2_hit__primary,first,10,8.4375
l2_hit__repeat,first,1,8.34375
l2_hit__repeat,first,2,8.34375
l2_hit__repeat,first,3,8.34375
l2_hit__repeat,first,4,8.34375
l2_hit__repeat,first,5,8.34375
l2_hit__repeat,first,6,8.34375
l2_hit__repeat,first,7,8.34375
l2_hit__repeat,first,8,8.34375
l2_hit__repeat,first,9,8.34375
l2_hit__repeat,first,10,8.34375
l2_miss__alternate,first,1,27.75
l2_miss__alternate,first,2,27.75
l2_miss__alternate,first,3,27.75
l2_miss__alternate,first,4,27.75
l2_miss__alternate,first,5,27.75
l2_miss__alternate,first,6,27.75
l2_miss__alternate,first,7,27.75
l2_miss__alternate,first,8,27.75
l2_miss__alternate,first,9,27.75
l2_miss__alternate,first,10,27.75
l2_miss__alternate,reread,1,3.5625
l2_miss__alternate,reread,2,3.5625
l2_miss__alternate,reread,3,3.5625
l2_miss__alternate,reread,4,3.5625
l2_miss__alternate,reread,5,3.5625
l2_miss__alternate,reread,6,3.5625
l2_miss__alternate,reread,7,3.5625
l2_miss__alternate,reread,8,3.5625
l2_miss__alternate,reread,9,3.5625
l2_miss__alternate,reread,10,3.5625
l2_miss__alternate,first_minus_reread,1,24.1875
l2_miss__alternate,first_minus_reread,2,24.1875
l2_miss__alternate,first_minus_reread,3,24.1875
l2_miss__alternate,first_minus_reread,4,24.1875
l2_miss__alternate,first_minus_reread,5,24.1875
l2_miss__alternate,first_minus_reread,6,24.1875
l2_miss__alternate,first_minus_reread,7,24.1875
l2_miss__alternate,first_minus_reread,8,24.1875
l2_miss__alternate,first_minus_reread,9,24.1875
l2_miss__alternate,first_minus_reread,10,24.1875
l2_miss__primary,first,1,27.1875
l2_miss__primary,first,2,27.09375
l2_miss__primary,first,3,27.09375
l2_miss__primary,first,4,27.09375
l2_miss__primary,first,5,27.09375
l2_miss__primary,first,6,27.09375
l2_miss__primary,first,7,27.09375
l2_miss__primary,first,8,27.09375
l2_miss__primary,first,9,27.09375
l2_miss__primary,first,10,27.09375
l2_miss__primary,reread,1,3.5625
l2_miss__primary,reread,2,3.5625
l2_miss__primary,reread,3,3.5625
l2_miss__primary,reread,4,3.5625
l2_miss__primary,reread,5,3.5625
l2_miss__primary,reread,6,3.5625
l2_miss__primary,reread,7,3.5625
l2_miss__primary,reread,8,3.5625
l2_miss__primary,reread,9,3.5625
l2_miss__primary,reread,10,3.5625
l2_miss__primary,first_minus_reread,1,23.625
l2_miss__primary,first_minus_reread,2,23.53125
l2_miss__primary,first_minus_reread,3,23.53125
l2_miss__primary,first_minus_reread,4,23.53125
l2_miss__primary,first_minus_reread,5,23.53125
l2_miss__primary,first_minus_reread,6,23.53125
l2_miss__primary,first_minus_reread,7,23.53125
l2_miss__primary,first_minus_reread,8,23.53125
l2_miss__primary,first_minus_reread,9,23.53125
l2_miss__primary,first_minus_reread,10,23.53125
l2_miss__repeat,first,1,27.1875
l2_miss__repeat,first,2,27.1875
l2_miss__repeat,first,3,27.1875
l2_miss__repeat,first,4,27.1875
l2_miss__repeat,first,5,27.1875
l2_miss__repeat,first,6,27.1875
l2_miss__repeat,first,7,27.1875
l2_miss__repeat,first,8,27.1875
l2_miss__repeat,first,9,27.1875
l2_miss__repeat,first,10,27.1875
l2_miss__repeat,reread,1,3.5625
l2_miss__repeat,reread,2,3.65625
l2_miss__repeat,reread,3,3.65625
l2_miss__repeat,reread,4,3.65625
l2_miss__repeat,reread,5,3.65625
l2_miss__repeat,reread,6,3.65625
l2_miss__repeat,reread,7,3.65625
l2_miss__repeat,reread,8,3.65625
l2_miss__repeat,reread,9,3.65625
l2_miss__repeat,reread,10,3.65625
l2_miss__repeat,first_minus_reread,1,23.53125
l2_miss__repeat,first_minus_reread,2,23.53125
l2_miss__repeat,first_minus_reread,3,23.53125
l2_miss__repeat,first_minus_reread,4,23.53125
l2_miss__repeat,first_minus_reread,5,23.53125
l2_miss__repeat,first_minus_reread,6,23.53125
l2_miss__repeat,first_minus_reread,7,23.53125
l2_miss__repeat,first_minus_reread,8,23.53125
l2_miss__repeat,first_minus_reread,9,23.53125
l2_miss__repeat,first_minus_reread,10,23.53125
llc_hit__alternate,first,1,27.75
llc_hit__alternate,first,2,27.75
llc_hit__alternate,first,3,27.75
llc_hit__alternate,first,4,27.75
llc_hit__alternate,first,5,27.75
llc_hit__alternate,first,6,27.75
llc_hit__alternate,first,7,27.75
llc_hit__alternate,first,8,27.75
llc_hit__alternate,first,9,27.75
llc_hit__alternate,first,10,27.75
llc_hit__primary,first,1,27.09375
llc_hit__primary,first,2,27.09375
llc_hit__primary,first,3,27.09375
llc_hit__primary,first,4,27.09375
llc_hit__primary,first,5,27.09375
llc_hit__primary,first,6,27.09375
llc_hit__primary,first,7,27.09375
llc_hit__primary,first,8,27.09375
llc_hit__primary,first,9,27.09375
llc_hit__primary,first,10,27.09375
llc_hit__repeat,first,1,27.1875
llc_hit__repeat,first,2,27.1875
llc_hit__repeat,first,3,27.1875
llc_hit__repeat,first,4,27.1875
llc_hit__repeat,first,5,27.1875
llc_hit__repeat,first,6,27.1875
llc_hit__repeat,first,7,27.1875
llc_hit__repeat,first,8,27.1875
llc_hit__repeat,first,9,27.1875
llc_hit__repeat,first,10,27.1875
llc_miss__alternate,first,1,276.1875
llc_miss__alternate,first,2,276.09375
llc_miss__alternate,first,3,276.1875
llc_miss__alternate,first,4,276.09375
llc_miss__alternate,first,5,276.1875
llc_miss__alternate,first,6,276.09375
llc_miss__alternate,first,7,276.1875
llc_miss__alternate,first,8,276.1875
llc_miss__alternate,first,9,276.1875
llc_miss__alternate,first,10,276.1875
llc_miss__alternate,reread,1,7.40625
llc_miss__alternate,reread,2,7.40625
llc_miss__alternate,reread,3,7.40625
llc_miss__alternate,reread,4,7.40625
llc_miss__alternate,reread,5,7.40625
llc_miss__alternate,reread,6,7.40625
llc_miss__alternate,reread,7,7.40625
llc_miss__alternate,reread,8,7.40625
llc_miss__alternate,reread,9,7.40625
llc_miss__alternate,reread,10,7.40625
llc_miss__alternate,first_minus_reread,1,268.6875
llc_miss__alternate,first_minus_reread,2,268.6875
llc_miss__alternate,first_minus_reread,3,268.78125
llc_miss__alternate,first_minus_reread,4,268.6875
llc_miss__alternate,first_minus_reread,5,268.78125
llc_miss__alternate,first_minus_reread,6,268.6875
llc_miss__alternate,first_minus_reread,7,268.78125
llc_miss__alternate,first_minus_reread,8,268.6875
llc_miss__alternate,first_minus_reread,9,268.78125
llc_miss__alternate,first_minus_reread,10,268.78125
llc_miss__primary,first,1,271.03125
llc_miss__primary,first,2,271.03125
llc_miss__primary,first,3,271.03125
llc_miss__primary,first,4,271.03125
llc_miss__primary,first,5,271.03125
llc_miss__primary,first,6,271.03125
llc_miss__primary,first,7,271.03125
llc_miss__primary,first,8,271.03125
llc_miss__primary,first,9,271.03125
llc_miss__primary,first,10,271.03125
llc_miss__primary,reread,1,6.1875
llc_miss__primary,reread,2,6.1875
llc_miss__primary,reread,3,6.1875
llc_miss__primary,reread,4,6.1875
llc_miss__primary,reread,5,6.1875
llc_miss__primary,reread,6,6.1875
llc_miss__primary,reread,7,6.1875
llc_miss__primary,reread,8,6.1875
llc_miss__primary,reread,9,6.1875
llc_miss__primary,reread,10,6.1875
llc_miss__primary,first_minus_reread,1,264.84375
llc_miss__primary,first_minus_reread,2,264.84375
llc_miss__primary,first_minus_reread,3,264.84375
llc_miss__primary,first_minus_reread,4,264.84375
llc_miss__primary,first_minus_reread,5,264.84375
llc_miss__primary,first_minus_reread,6,264.84375
llc_miss__primary,first_minus_reread,7,264.84375
llc_miss__primary,first_minus_reread,8,264.84375
llc_miss__primary,first_minus_reread,9,264.84375
llc_miss__primary,first_minus_reread,10,264.84375
llc_miss__repeat,first,1,270.9375
llc_miss__repeat,first,2,271.03125
llc_miss__repeat,first,3,271.03125
llc_miss__repeat,first,4,270.9375
llc_miss__repeat,first,5,271.03125
llc_miss__repeat,first,6,271.03125
llc_miss__repeat,first,7,271.03125
llc_miss__repeat,first,8,271.03125
llc_miss__repeat,first,9,271.03125
llc_miss__repeat,first,10,271.03125
llc_miss__repeat,reread,1,6.1875
llc_miss__repeat,reread,2,6.1875
llc_miss__repeat,reread,3,6.1875
llc_miss__repeat,reread,4,6.1875
llc_miss__repeat,reread,5,6.1875
llc_miss__repeat,reread,6,6.1875
llc_miss__repeat,reread,7,6.1875
llc_miss__repeat,reread,8,6.1875
llc_miss__repeat,reread,9,6.1875
llc_miss__repeat,reread,10,6.1875
llc_miss__repeat,first_minus_reread,1,264.84375
llc_miss__repeat,first_minus_reread,2,264.84375
llc_miss__repeat,first_minus_reread,3,264.84375
llc_miss__repeat,first_minus_reread,4,264.84375
llc_miss__repeat,first_minus_reread,5,264.84375
llc_miss__repeat,first_minus_reread,6,264.84375
llc_miss__repeat,first_minus_reread,7,264.84375
llc_miss__repeat,first_minus_reread,8,264.84375
llc_miss__repeat,first_minus_reread,9,264.84375
llc_miss__repeat,first_minus_reread,10,264.84375
