name,group,num_sets,k,max_k,n,mean,std,median,q1,q3,p05,p95,p99,minimum,maximum,outliers,whisker_low,whisker_high,timed_loads_per_batch,counted_chain_loads,legacy_median,baseline_median,units,minor_faults,major_faults,voluntary_switches,involuntary_switches,l1_misses_per_1000_chain_loads,l2_misses_per_1000_chain_loads,l3_misses_per_1000_chain_loads,all_loads_per_1000_chain_loads
L2_candidate_k8,L2_candidate,256,8,16,1000000,6.596620178294575,5.018526980519646,6.48062015503876,6.37984496124031,6.565891472868217,6.310077519379845,6.844961240310077,6.875968992248062,6.217054263565892,505.3643410852713,39811,6.217054263565892,6.844961240310077,129,136000000,6.53125,6.3565891472868215,TSC ticks / timed chain load,0,0,0,1,0.5926176470588236,0.0006985294117647059,7.352941176470588e-05,5411.719610294118
L1_k6,L1,64,6,16,1000000,6.438652100775195,4.647126589052835,6.372093023255814,6.333333333333333,6.403100775193798,6.294573643410852,6.434108527131783,6.62015503875969,6.155038759689923,895.4651162790698,18151,6.232558139534884,6.503875968992248,129,134000000,6.421875,6.627909457364341,TSC ticks / timed chain load,0,0,0,1,0.015276119402985075,0.00037313432835820896,0.0,5417.892402985075
L2_sets512_k9,L2_sets512,512,9,16,1000000,9.76627872093023,6.078091679989713,9.635658914728682,9.294573643410853,9.953488372093023,9.015503875968992,10.472868217054264,10.806201550387597,8.666666666666666,588.1395348837209,5637,8.666666666666666,10.937984496124031,129,137000000,9.7109375,9.852715658914729,TSC ticks / timed chain load,0,0,0,2,287.0572408759124,94.70390510948906,7.299270072992701e-06,5408.7183357664235
L2_candidate_k10,L2_candidate,256,10,16,1000000,11.494246255813954,6.14758616085183,11.310077519379846,11.248062015503876,11.496124031007753,11.2015503875969,11.542635658914728,11.589147286821705,11.015503875968992,721.3875968992248,1766,11.015503875968992,11.868217054263566,129,138000000,11.3984375,11.4496496124031,TSC ticks / timed chain load,0,0,0,3,942.4377318840579,0.007253623188405797,5.797101449275362e-05,5412.918471014493
L2_candidate_k7,L2_candidate,256,7,16,1000000,6.537243209302327,3.978128154004006,6.465116279069767,6.3565891472868215,6.62015503875969,6.310077519379845,6.689922480620155,6.72093023255814,6.155038759689923,590.062015503876,970,6.155038759689923,7.015503875968992,129,135000000,6.515625,6.527126821705426,TSC ticks / timed chain load,0,0,0,0,0.03128148148148148,0.0013851851851851853,2.2222222222222223e-05,5414.786955555555
L1_k10,L1,64,10,16,1000000,11.495838465116279,6.737446903218937,11.279069767441861,11.248062015503876,11.496124031007753,11.2015503875969,11.542635658914728,11.5968992248062,10.767441860465116,623.7131782945736,2147,10.937984496124031,11.868217054263566,129,138000000,11.3671875,11.24802480620155,TSC ticks / timed chain load,0,0,0,6,942.4644420289856,0.000536231884057971,0.0002463768115942029,5412.898413043478
L2_candidate_k17,L2_candidate,256,17,17,1000000,15.968241790697665,8.2958546384107,15.682170542635658,15.186046511627907,16.224806201550386,14.682170542635658,16.930232558139537,17.155038759689923,14.193798449612403,669.6356589147287,1780,14.193798449612403,17.775193798449614,129,145000000,15.8046875,,TSC ticks / timed chain load,0,0,0,3,979.2377655172414,182.63931034482758,3.4482758620689657e-05,5392.903227586207
L1_k8,L1,64,8,16,1000000,6.453061286821703,4.990659438667286,6.372093023255814,6.341085271317829,6.403100775193798,6.294573643410852,6.434108527131783,6.635658914728682,6.217054263565892,449.5813953488372,23198,6.248062015503876,6.496124031007752,129,136000000,6.421875,6.3953463565891475,TSC ticks / timed chain load,0,0,0,2,0.5348382352941177,0.0002573529411764706,7.352941176470588e-05,5411.754595588235
L2_candidate_k9,L2_candidate,256,9,16,1000000,11.667932093023252,7.038844023136744,11.511627906976743,11.279069767441861,11.751937984496124,11.217054263565892,11.821705426356589,11.868217054263566,8.217054263565892,590.8604651162791,1521,10.573643410852712,12.449612403100776,129,137000000,11.6015625,11.294561240310077,TSC ticks / timed chain load,0,0,0,3,984.3876423357664,0.00810948905109489,9.489051094890511e-05,5415.79595620438
L2_sets512_k8,L2_sets512,512,8,16,1000000,6.552129348837209,5.239091646994082,6.403100775193798,6.3565891472868215,6.627906976744186,6.294573643410852,6.6976744186046515,6.728682170542636,6.155038759689923,684.6821705426356,1312,6.155038759689923,7.0310077519379846,129,136000000,6.453125,6.372097984496124,TSC ticks / timed chain load,0,0,0,1,0.5333455882352941,0.024477941176470588,2.2058823529411766e-05,5411.73406617647
L1_k9,L1,64,9,16,1000000,11.639413844961242,9.343255348186108,11.488372093023257,11.279069767441861,11.55813953488372,11.217054263565892,11.7984496124031,11.837209302325581,8.232558139534884,5781.798449612403,5349,10.868217054263566,11.968992248062015,129,137000000,11.578125,11.279082170542637,TSC ticks / timed chain load,0,0,0,3,984.5411459854015,0.0005109489051094891,0.00030656934306569345,5415.927481751824
L2_sets1024_k8,L2_sets1024,1024,8,16,1000000,6.777423217054261,5.845551646804938,6.666666666666667,6.550387596899225,6.782945736434108,6.465116279069767,6.852713178294573,7.015503875968992,6.263565891472868,607.1007751937984,6258,6.263565891472868,7.124031007751938,129,136000000,6.71875,6.387596899224806,TSC ticks / timed chain load,0,0,0,3,0.5132720588235294,0.38443382352941174,8.088235294117648e-05,5411.656323529412
L2_candidate_k18,L2_candidate,256,18,18,1000000,18.329919511627917,9.136770826744323,18.093023255813954,17.782945736434108,18.4031007751938,17.387596899224807,18.813953488372093,18.976744186046513,16.697674418604652,2818.3410852713178,4507,16.852713178294575,19.333333333333332,129,146000000,18.234375,,TSC ticks / timed chain load,0,0,0,4,977.8349657534246,297.1287123287671,9.58904109589041e-05,5390.313835616438
L2_candidate_k16,L2_candidate,256,16,16,1000000,11.55345033333333,7.358854605670813,11.279069767441861,11.232558139534884,11.511627906976743,11.186046511627907,11.782945736434108,11.837209302325581,10.829457364341085,545.5116279069767,2734,10.829457364341085,11.922480620155039,129,144000000,11.3671875,11.279082170542637,TSC ticks / timed chain load,0,0,0,6,999.8874305555555,0.12633333333333333,5.555555555555556e-05,5395.7448125
L2_sets1024_k9,L2_sets1024,1024,9,16,1000000,9.766072333333337,5.5098069762647475,9.55813953488372,9.217054263565892,10.031007751937985,8.7984496124031,10.883720930232558,11.503875968992247,8.4031007751938,654.046511627907,20222,8.4031007751938,11.248062015503876,129,137000000,9.6328125,9.682168062015503,TSC ticks / timed chain load,0,0,0,4,119.7913503649635,119.06698540145986,2.9197080291970804e-05,5408.737014598541
L1_k7,L1,64,7,16,1000000,6.500916542635658,5.5435091048479945,6.387596899224806,6.341085271317829,6.465116279069767,6.294573643410852,6.542635658914729,6.6434108527131785,6.217054263565892,598.8139534883721,8896,6.217054263565892,6.651162790697675,129,135000000,6.4375,6.3953463565891475,TSC ticks / timed chain load,0,0,0,2,0.029081481481481482,0.0003851851851851852,4.4444444444444447e-05,5414.807666666667
L2_sets512_k10,L2_sets512,512,10,16,1000000,24.003319852713194,10.604121255229344,23.48062015503876,23.2015503875969,23.899224806201552,22.968992248062015,25.34108527131783,26.24031007751938,10.682170542635658,632.4883720930233,60975,22.155038759689923,24.94573643410853,129,138000000,23.6640625,23.65112558139535,TSC ticks / timed chain load,0,0,0,7,928.343,513.0841956521739,4.347826086956522e-05,5412.955507246377
L2_sets1024_k10,L2_sets1024,1024,10,16,1000000,33.495369441860454,13.433204558302846,32.8062015503876,32.44961240310077,33.52713178294574,32.25581395348837,34.35658914728682,34.58139534883721,10.310077519379846,2893.4883720930234,8965,30.837209302325583,35.13953488372093,129,138000000,33.0625,32.945711627906974,TSC ticks / timed chain load,0,0,0,13,865.3638188405797,865.258920289855,0.00010144927536231884,5412.848072463768
