run_id,name,suite,machine,samples,batch,spacing,seed,pages,mode,bytes,n,mean,std,p05,q1,median,q3,p95,p99,minimum,maximum,whisker_low,whisker_high,outliers,units,elapsed_seconds,raw_file
round1-retry1,coarse_w1048576_s64_random_b256_seed59201_huge_n1000000,coarse,ookay,1000000,256,64,59201,huge,random,1048576,1000000,31.152224203125,2.5040955295759044,30.1484375,30.65625,31.015625,31.421875,32.0078125,32.6640625,29.3203125,446.1875,29.5078125,32.5703125,12070,TSC ticks / dependent load,2.257165969349444,raw/coarse_w1048576_s64_random_b256_seed59201_huge_n1000000.u64.gz
round1-retry1,coarse_w1048576_s64_sequential_b256_seed59201_huge_n1000000,coarse,ookay,1000000,256,64,59201,huge,sequential,1048576,1000000,7.798513828125,1.109557831247844,7.671875,7.71875,7.7578125,7.8046875,7.8828125,8.28125,7.5078125,269.5546875,7.59375,7.9296875,21349,TSC ticks / dependent load,0.5886367810890079,raw/coarse_w1048576_s64_sequential_b256_seed59201_huge_n1000000.u64.gz
round1-retry1,coarse_w131072_s64_random_b256_seed59201_huge_n1000000,coarse,ookay,1000000,256,64,59201,huge,random,131072,1000000,11.070218453125,1.572321160151,10.6875,10.703125,10.71875,10.8359375,12.3125,14.875,10.6640625,141.828125,10.6640625,11.03125,246370,TSC ticks / dependent load,0.8200201764702797,raw/coarse_w131072_s64_random_b256_seed59201_huge_n1000000.u64.gz
round1-retry1,coarse_w131072_s64_sequential_b256_seed59201_huge_n1000000,coarse,ookay,1000000,256,64,59201,huge,sequential,131072,1000000,5.8966910703125,1.269300523845789,5.421875,5.4375,5.8671875,5.890625,6.75,9.0703125,5.3984375,142.0546875,5.3984375,6.5703125,76447,TSC ticks / dependent load,0.45347343292087317,raw/coarse_w131072_s64_sequential_b256_seed59201_huge_n1000000.u64.gz
round1-retry1,coarse_w134217728_s64_random_b256_seed59201_huge_n1000000,coarse,ookay,1000000,256,64,59201,huge,random,134217728,1000000,233.845324046875,9.578886210376634,227.0,229.359375,231.5625,235.90625,246.125,264.3125,218.5390625,4264.5703125,219.6015625,245.7265625,52578,TSC ticks / dependent load,17.29871512390673,raw/coarse_w134217728_s64_random_b256_seed59201_huge_n1000000.u64.gz
round1-retry1,coarse_w134217728_s64_sequential_b256_seed59201_huge_n1000000,coarse,ookay,1000000,256,64,59201,huge,sequential,134217728,1000000,27.6861335859375,3.8408336741159532,23.6328125,25.0390625,27.0,29.421875,33.6328125,36.609375,20.609375,360.3828125,20.609375,35.9921875,13755,TSC ticks / dependent load,2.0986144011840224,raw/coarse_w134217728_s64_sequential_b256_seed59201_huge_n1000000.u64.gz
round1-retry1,coarse_w16384_s64_random_b256_seed59201_huge_n1000000,coarse,ookay,1000000,256,64,59201,huge,random,16384,1000000,3.6929669921875,0.607334974857132,3.6640625,3.671875,3.671875,3.6796875,3.6875,4.109453125000073,3.640625,123.5859375,3.6640625,3.6875,61815,TSC ticks / dependent load,0.29147168155759573,raw/coarse_w16384_s64_random_b256_seed59201_huge_n1000000.u64.gz
round1-retry1,coarse_w16384_s64_sequential_b256_seed59201_huge_n1000000,coarse,ookay,1000000,256,64,59201,huge,sequential,16384,1000000,3.7500001875,0.9282162981918686,3.6640625,3.671875,3.671875,3.6796875,4.4609375,4.7265625,3.640625,128.203125,3.6640625,3.6875,114290,TSC ticks / dependent load,0.2957606287673116,raw/coarse_w16384_s64_sequential_b256_seed59201_huge_n1000000.u64.gz
round1-retry1,coarse_w16777216_s64_random_b256_seed59201_huge_n1000000,coarse,ookay,1000000,256,64,59201,huge,random,16777216,1000000,218.6019423046875,13.21668148379432,203.75,210.0703125,215.6640625,226.7265625,236.9765625,252.109375,184.40625,4170.84375,185.15625,251.7109375,10243,TSC ticks / dependent load,15.646086900494993,raw/coarse_w16777216_s64_random_b256_seed59201_huge_n1000000.u64.gz
round1-retry1,coarse_w16777216_s64_sequential_b256_seed59201_huge_n1000000,coarse,ookay,1000000,256,64,59201,huge,sequential,16777216,1000000,26.4107363125,4.536475400697079,20.9609375,23.71875,25.8984375,28.5859375,33.3671875,36.625,10.421875,282.734375,16.421875,35.8828125,21557,TSC ticks / dependent load,1.9182852702215314,raw/coarse_w16777216_s64_sequential_b256_seed59201_huge_n1000000.u64.gz
round1-retry1,coarse_w2048_s64_empty_b256_seed59201_huge_n1000000,coarse,ookay,1000000,256,64,59201,huge,empty,2048,1000000,41.831804,34.979637929524856,40.0,40.0,42.0,44.0,44.0,46.0,36.0,19336.0,36.0,50.0,164,TSC ticks / timer interval,0.04047978296875954,raw/coarse_w2048_s64_empty_b256_seed59201_huge_n1000000.u64.gz
round1-retry1,coarse_w2048_s64_random_b256_seed59201_huge_n1000000,coarse,ookay,1000000,256,64,59201,huge,random,2048,1000000,3.685397359375,0.6173821065656208,3.6640625,3.671875,3.671875,3.6796875,3.6875,3.6953125,3.640625,130.125,3.6640625,3.6875,54085,TSC ticks / dependent load,0.3009724160656333,raw/coarse_w2048_s64_random_b256_seed59201_huge_n1000000.u64.gz
round1-retry1,coarse_w2048_s64_sequential_b256_seed59201_huge_n1000000,coarse,ookay,1000000,256,64,59201,huge,sequential,2048,1000000,3.6858546015625,0.6632483402144372,3.6640625,3.671875,3.671875,3.6796875,3.6875,3.6953125,3.640625,130.1640625,3.6640625,3.6875,54444,TSC ticks / dependent load,0.29097337275743484,raw/coarse_w2048_s64_sequential_b256_seed59201_huge_n1000000.u64.gz
round1-retry1,coarse_w2097152_s64_random_b256_seed59201_huge_n1000000,coarse,ookay,1000000,256,64,59201,huge,random,2097152,1000000,32.7342217578125,2.7828688814192195,31.65625,32.1171875,32.4765625,32.875,34.1328125,36.09382812500007,30.78125,283.484375,30.984375,34.0078125,58384,TSC ticks / dependent load,2.367716641165316,raw/coarse_w2097152_s64_random_b256_seed59201_huge_n1000000.u64.gz
round1-retry1,coarse_w2097152_s64_sequential_b256_seed59201_huge_n1000000,coarse,ookay,1000000,256,64,59201,huge,sequential,2097152,1000000,7.9538013125,1.4028412611806316,7.6796875,7.734375,7.78125,7.8515625,8.7109375,10.46875,7.546875,248.75,7.5625,8.0234375,138568,TSC ticks / dependent load,0.5967049738392234,raw/coarse_w2097152_s64_sequential_b256_seed59201_huge_n1000000.u64.gz
round1-retry1,coarse_w262144_s64_random_b256_seed59201_huge_n1000000,coarse,ookay,1000000,256,64,59201,huge,random,262144,1000000,11.3920510078125,2.139432036916055,10.7109375,10.8203125,10.953125,11.2265625,13.203125,17.8671875,10.671875,232.2421875,10.671875,11.8359375,134618,TSC ticks / dependent load,0.842268580570817,raw/coarse_w262144_s64_random_b256_seed59201_huge_n1000000.u64.gz
round1-retry1,coarse_w262144_s64_sequential_b256_seed59201_huge_n1000000,coarse,ookay,1000000,256,64,59201,huge,sequential,262144,1000000,5.7582816015625,1.165812029110246,5.421875,5.4375,5.859375,5.8828125,6.0390625,7.84375,5.3984375,332.3828125,5.3984375,6.546875,20403,TSC ticks / dependent load,0.4405310098081827,raw/coarse_w262144_s64_sequential_b256_seed59201_huge_n1000000.u64.gz
round1-retry1,coarse_w268435456_s64_random_b256_seed59201_huge_n1000000,coarse,ookay,1000000,256,64,59201,huge,random,268435456,1000000,236.4681488125,8.842237898696407,229.75,231.9921875,234.1953125,238.5,248.3203125,267.0469531250001,222.046875,646.578125,222.34375,248.2578125,50394,TSC ticks / dependent load,18.16694123018533,raw/coarse_w268435456_s64_random_b256_seed59201_huge_n1000000.u64.gz
round1-retry1,coarse_w268435456_s64_sequential_b256_seed59201_huge_n1000000,coarse,ookay,1000000,256,64,59201,huge,sequential,268435456,1000000,27.7101053515625,3.9553650020325657,23.6484375,25.046875,27.015625,29.4296875,33.6484375,36.6875,20.5703125,284.7890625,20.5703125,36.0,14030,TSC ticks / dependent load,2.20189973898232,raw/coarse_w268435456_s64_sequential_b256_seed59201_huge_n1000000.u64.gz
round1-retry1,coarse_w32768_s64_random_b256_seed59201_huge_n1000000,coarse,ookay,1000000,256,64,59201,huge,random,32768,1000000,3.9562306171875,0.7807727494405572,3.8359375,3.8828125,3.921875,3.953125,4.0234375,4.7734375,3.7578125,125.515625,3.78125,4.0546875,37948,TSC ticks / dependent load,0.31015346851199865,raw/coarse_w32768_s64_random_b256_seed59201_huge_n1000000.u64.gz
round1-retry1,coarse_w32768_s64_sequential_b256_seed59201_huge_n1000000,coarse,ookay,1000000,256,64,59201,huge,sequential,32768,1000000,3.77938075,0.8618730505972461,3.671875,3.734375,3.75,3.7734375,3.8203125,4.484375,3.6484375,320.890625,3.6796875,3.828125,128596,TSC ticks / dependent load,0.29777451138943434,raw/coarse_w32768_s64_sequential_b256_seed59201_huge_n1000000.u64.gz
round1-retry1,coarse_w33554432_s64_random_b256_seed59201_huge_n1000000,coarse,ookay,1000000,256,64,59201,huge,random,33554432,1000000,225.9145369453125,9.592327562174347,217.4296875,220.7578125,223.53125,229.046875,239.375,256.875,202.3046875,676.59375,208.328125,241.4765625,38565,TSC ticks / dependent load,16.241236043162644,raw/coarse_w33554432_s64_random_b256_seed59201_huge_n1000000.u64.gz
round1-retry1,coarse_w33554432_s64_sequential_b256_seed59201_huge_n1000000,coarse,ookay,1000000,256,64,59201,huge,sequential,33554432,1000000,27.19214728125,4.121159684367781,22.7578125,24.5078125,26.5703125,29.0859375,33.5625,36.890625,13.8515625,322.4140625,17.640625,35.953125,16537,TSC ticks / dependent load,1.987216455861926,raw/coarse_w33554432_s64_sequential_b256_seed59201_huge_n1000000.u64.gz
round1-retry1,coarse_w4096_s64_random_b256_seed59201_huge_n1000000,coarse,ookay,1000000,256,64,59201,huge,random,4096,1000000,3.69618396875,0.8031693759039035,3.6640625,3.671875,3.671875,3.6796875,3.6875,4.2265625,3.640625,129.1328125,3.6640625,3.6875,67373,TSC ticks / dependent load,0.29294794518500566,raw/coarse_w4096_s64_random_b256_seed59201_huge_n1000000.u64.gz
round1-retry1,coarse_w4096_s64_sequential_b256_seed59201_huge_n1000000,coarse,ookay,1000000,256,64,59201,huge,sequential,4096,1000000,3.6917045390625,0.8052741417686349,3.6640625,3.671875,3.671875,3.6796875,3.6875,3.703125,3.640625,206.046875,3.6640625,3.6875,60769,TSC ticks / dependent load,0.29871945828199387,raw/coarse_w4096_s64_sequential_b256_seed59201_huge_n1000000.u64.gz
round1-retry1,coarse_w4194304_s64_random_b256_seed59201_huge_n1000000,coarse,ookay,1000000,256,64,59201,huge,random,4194304,1000000,53.00059021875,53.538333003515056,32.4296875,32.7421875,32.9765625,33.2890625,199.6484375,212.05476562500007,31.7109375,472.046875,31.921875,34.109375,161594,TSC ticks / dependent load,3.809715123847127,raw/coarse_w4194304_s64_random_b256_seed59201_huge_n1000000.u64.gz
round1-retry1,coarse_w4194304_s64_sequential_b256_seed59201_huge_n1000000,coarse,ookay,1000000,256,64,59201,huge,sequential,4194304,1000000,10.4352430546875,6.046462059302964,7.6796875,7.734375,7.796875,8.3046875,24.71875,30.515625,7.5234375,249.421875,7.5234375,9.15625,209939,TSC ticks / dependent load,0.7741198809817433,raw/coarse_w4194304_s64_sequential_b256_seed59201_huge_n1000000.u64.gz
round1-retry1,coarse_w524288_s64_random_b256_seed59201_huge_n1000000,coarse,ookay,1000000,256,64,59201,huge,random,524288,1000000,27.637103484375,2.3788157673426045,26.3046875,27.0703125,27.5703125,28.0078125,28.6875,29.453125,25.0625,283.875,25.6640625,29.4140625,11493,TSC ticks / dependent load,2.0026892637833953,raw/coarse_w524288_s64_random_b256_seed59201_huge_n1000000.u64.gz
round1-retry1,coarse_w524288_s64_sequential_b256_seed59201_huge_n1000000,coarse,ookay,1000000,256,64,59201,huge,sequential,524288,1000000,7.798637625,1.0613912421089464,7.671875,7.7265625,7.765625,7.8046875,7.8828125,8.09375,7.515625,212.9921875,7.609375,7.921875,22917,TSC ticks / dependent load,0.5853061247617006,raw/coarse_w524288_s64_sequential_b256_seed59201_huge_n1000000.u64.gz
round1-retry1,coarse_w536870912_s64_random_b256_seed59201_huge_n1000000,coarse,ookay,1000000,256,64,59201,huge,random,536870912,1000000,237.972027734375,9.591826868218503,231.125,233.3515625,235.734375,240.21875,249.8046875,268.3671875,223.6484375,4331.8046875,223.6484375,250.515625,45595,TSC ticks / dependent load,19.816084352321923,raw/coarse_w536870912_s64_random_b256_seed59201_huge_n1000000.u64.gz
round1-retry1,coarse_w536870912_s64_sequential_b256_seed59201_huge_n1000000,coarse,ookay,1000000,256,64,59201,huge,sequential,536870912,1000000,27.841747734375,4.090134275920232,23.6640625,25.09375,27.0703125,29.671875,33.9765625,37.6328125,20.9765625,316.609375,20.9765625,36.5390625,15386,TSC ticks / dependent load,2.4167325515300035,raw/coarse_w536870912_s64_sequential_b256_seed59201_huge_n1000000.u64.gz
round1-retry1,coarse_w65536_s64_random_b256_seed59201_huge_n1000000,coarse,ookay,1000000,256,64,59201,huge,random,65536,1000000,10.8926302890625,1.5200035812674975,10.6875,10.703125,10.71875,10.734375,11.546875,12.78125,10.484375,195.8046875,10.65625,10.78125,140768,TSC ticks / dependent load,0.8059271089732647,raw/coarse_w65536_s64_random_b256_seed59201_huge_n1000000.u64.gz
round1-retry1,coarse_w65536_s64_sequential_b256_seed59201_huge_n1000000,coarse,ookay,1000000,256,64,59201,huge,sequential,65536,1000000,5.7581551484375,1.0605591774688774,5.421875,5.4375,5.859375,5.8828125,6.2421875,7.1171875,5.3984375,207.0234375,5.3984375,6.546875,29420,TSC ticks / dependent load,0.446594282053411,raw/coarse_w65536_s64_sequential_b256_seed59201_huge_n1000000.u64.gz
round1-retry1,coarse_w67108864_s64_random_b256_seed59201_huge_n1000000,coarse,ookay,1000000,256,64,59201,huge,random,67108864,1000000,228.93755684375,8.920717885637984,221.4453125,224.1640625,226.71875,231.546875,241.0546875,260.3047656250001,210.6953125,624.96875,213.21875,242.6171875,40947,TSC ticks / dependent load,16.62072446104139,raw/coarse_w67108864_s64_random_b256_seed59201_huge_n1000000.u64.gz
round1-retry1,coarse_w67108864_s64_sequential_b256_seed59201_huge_n1000000,coarse,ookay,1000000,256,64,59201,huge,sequential,67108864,1000000,27.6015458203125,3.8917480611904645,23.46875,24.921875,26.90625,29.3828125,33.671875,36.8359375,16.546875,207.9375,18.4296875,36.0703125,14633,TSC ticks / dependent load,2.041819923557341,raw/coarse_w67108864_s64_sequential_b256_seed59201_huge_n1000000.u64.gz
round1-retry1,coarse_w8192_s64_random_b256_seed59201_huge_n1000000,coarse,ookay,1000000,256,64,59201,huge,random,8192,1000000,3.7197254296875,1.1560259668870088,3.6640625,3.671875,3.671875,3.6796875,3.6875,4.5078125,3.640625,213.4296875,3.6640625,3.6875,89022,TSC ticks / dependent load,0.29441132582724094,raw/coarse_w8192_s64_random_b256_seed59201_huge_n1000000.u64.gz
round1-retry1,coarse_w8192_s64_sequential_b256_seed59201_huge_n1000000,coarse,ookay,1000000,256,64,59201,huge,sequential,8192,1000000,3.6870046484375,0.6078730027351832,3.6640625,3.671875,3.671875,3.6796875,3.6875,3.6953125,3.6484375,154.03125,3.6640625,3.6875,54623,TSC ticks / dependent load,0.2911565788090229,raw/coarse_w8192_s64_sequential_b256_seed59201_huge_n1000000.u64.gz
round1-retry1,coarse_w8388608_s64_random_b256_seed59201_huge_n1000000,coarse,ookay,1000000,256,64,59201,huge,random,8388608,1000000,180.800403234375,27.99678117077126,148.8203125,160.1953125,170.67578125,201.8125,228.78125,239.5390625,118.875,585.484375,118.875,264.2109375,4194,TSC ticks / dependent load,12.939185638912022,raw/coarse_w8388608_s64_random_b256_seed59201_huge_n1000000.u64.gz
round1-retry1,coarse_w8388608_s64_sequential_b256_seed59201_huge_n1000000,coarse,ookay,1000000,256,64,59201,huge,sequential,8388608,1000000,20.7981715703125,5.460131735410805,14.3515625,16.765625,19.5390625,24.2109375,30.3984375,34.6640625,10.0234375,263.546875,10.0234375,35.375,7221,TSC ticks / dependent load,1.525972593575716,raw/coarse_w8388608_s64_sequential_b256_seed59201_huge_n1000000.u64.gz
round2,round2_w262144_s64_random_b1024_seed59202_huge_n1000000,round2,ookay,1000000,1024,64,59202,huge,random,262144,1000000,11.211357716796876,1.5079845224884474,10.64453125,10.708984375,10.8359375,11.13671875,12.662109375,17.1953125,10.5703125,85.45703125,10.5703125,11.77734375,128676,TSC ticks / dependent load,3.223621108569205,raw/round2_w262144_s64_random_b1024_seed59202_huge_n1000000.u64.gz
round2,round2_w262144_s64_random_b256_seed59202_huge_n1000000,round2,ookay,1000000,256,64,59202,huge,random,262144,1000000,11.3760871171875,2.1127356363656573,10.71875,10.8125,10.921875,11.1875,13.1796875,17.8203125,10.640625,263.859375,10.640625,11.75,148978,TSC ticks / dependent load,0.8406199514865875,raw/round2_w262144_s64_random_b256_seed59202_huge_n1000000.u64.gz
round2,round2_w262144_s64_random_b256_seed59203_huge_n1000000,round2,ookay,1000000,256,64,59203,huge,random,262144,1000000,11.35156775,2.0405219405639654,10.6953125,10.7890625,10.8828125,11.171875,13.2421875,17.890625,10.640625,211.6328125,10.640625,11.7421875,146321,TSC ticks / dependent load,0.8390011377632618,raw/round2_w262144_s64_random_b256_seed59203_huge_n1000000.u64.gz
round2,round2_w262144_s64_sequential_b256_seed59202_huge_n1000000,round2,ookay,1000000,256,64,59202,huge,sequential,262144,1000000,5.7197305390625,0.9729168673514101,5.421875,5.4375,5.859375,5.8828125,6.0078125,6.671875,5.3984375,227.375,5.3984375,6.546875,13890,TSC ticks / dependent load,0.43683959171175957,raw/round2_w262144_s64_sequential_b256_seed59202_huge_n1000000.u64.gz
round2,round2_w262144_s8_random_b256_seed59202_huge_n1000000,round2,ookay,1000000,256,8,59202,huge,random,262144,1000000,10.422335546875,1.6567212853668594,9.7890625,9.953125,10.0859375,10.328125,11.953125,15.09375,9.5078125,184.703125,9.5078125,10.890625,144050,TSC ticks / dependent load,0.7732002306729555,raw/round2_w262144_s8_random_b256_seed59202_huge_n1000000.u64.gz
round2,round2_w294912_s64_random_b256_seed59202_huge_n1000000,round2,ookay,1000000,256,64,59202,huge,random,294912,1000000,17.6729849140625,2.159133926588551,16.203125,16.8671875,17.40625,18.0390625,19.7421875,23.015625,14.5,251.3203125,15.109375,19.796875,48323,TSC ticks / dependent load,1.291017253883183,raw/round2_w294912_s64_random_b256_seed59202_huge_n1000000.u64.gz
round2,round2_w327680_s64_random_b256_seed59202_huge_n1000000,round2,ookay,1000000,256,64,59202,huge,random,327680,1000000,23.3523799140625,1.9448484834578383,22.1015625,22.7578125,23.2265625,23.7421875,24.6484375,25.609375,20.171875,257.7578125,21.28125,25.21875,19279,TSC ticks / dependent load,1.724108885973692,raw/round2_w327680_s64_random_b256_seed59202_huge_n1000000.u64.gz
round2,round2_w32768_s64_random_b1024_seed59202_huge_n1000000,round2,ookay,1000000,1024,64,59202,huge,random,32768,1000000,3.955570466796875,0.5339740332095742,3.841796875,3.888671875,3.89453125,3.900390625,4.123046875,4.6640625,3.779296875,50.48828125,3.87109375,3.91796875,215802,TSC ticks / dependent load,1.1580511257052422,raw/round2_w32768_s64_random_b1024_seed59202_huge_n1000000.u64.gz
round2,round2_w32768_s64_random_b256_seed59202_huge_n1000000,round2,ookay,1000000,256,64,59202,huge,random,32768,1000000,3.9552502890625,0.8351751209206372,3.8359375,3.875,3.90625,3.9453125,4.03125,4.796875,3.7734375,130.25,3.7734375,4.046875,40938,TSC ticks / dependent load,0.31336053274571896,raw/round2_w32768_s64_random_b256_seed59202_huge_n1000000.u64.gz
round2,round2_w32768_s64_random_b256_seed59203_huge_n1000000,round2,ookay,1000000,256,64,59203,huge,random,32768,1000000,4.0346509453125,0.7828017243048321,3.8671875,3.9140625,4.0,4.046875,4.203125,4.8984375,3.7890625,122.796875,3.7890625,4.2421875,39563,TSC ticks / dependent load,0.3159352634102106,raw/round2_w32768_s64_random_b256_seed59203_huge_n1000000.u64.gz
round2,round2_w32768_s64_sequential_b256_seed59202_huge_n1000000,round2,ookay,1000000,256,64,59202,huge,sequential,32768,1000000,3.9133601484375,0.9769765695614823,3.8125,3.8203125,3.8359375,3.8515625,4.3984375,5.125,3.7578125,131.1328125,3.7734375,3.8984375,108254,TSC ticks / dependent load,0.3097576182335615,raw/round2_w32768_s64_sequential_b256_seed59202_huge_n1000000.u64.gz
round2,round2_w32768_s8_random_b256_seed59202_huge_n1000000,round2,ookay,1000000,256,8,59202,huge,random,32768,1000000,3.830714375,0.7932871476712314,3.6953125,3.7421875,3.78125,3.8203125,3.90625,4.71875,3.6484375,130.953125,3.6484375,3.9375,40409,TSC ticks / dependent load,0.3016535369679332,raw/round2_w32768_s8_random_b256_seed59202_huge_n1000000.u64.gz
round2,round2_w360448_s64_random_b256_seed59202_huge_n1000000,round2,ookay,1000000,256,64,59202,huge,random,360448,1000000,24.565947734375,2.150043412641718,23.328125,23.9609375,24.4375,24.953125,25.7890625,26.734375,21.1640625,276.9921875,22.4765625,26.4375,15688,TSC ticks / dependent load,1.7829901995137334,raw/round2_w360448_s64_random_b256_seed59202_huge_n1000000.u64.gz
round2,round2_w36864_s64_random_b256_seed59202_huge_n1000000,round2,ookay,1000000,256,64,59202,huge,random,36864,1000000,10.808470234375,1.5822627043322595,10.5625,10.6484375,10.671875,10.703125,11.4375,12.2890625,9.5078125,330.3515625,10.5703125,10.78125,165837,TSC ticks / dependent load,0.7995450692251325,raw/round2_w36864_s64_random_b256_seed59202_huge_n1000000.u64.gz
round2,round2_w393216_s64_random_b256_seed59202_huge_n1000000,round2,ookay,1000000,256,64,59202,huge,random,393216,1000000,25.6944946953125,2.274069201747545,24.1328125,25.0078125,25.5703125,26.203125,27.2109375,27.96875,21.7421875,351.203125,23.21875,27.9921875,15960,TSC ticks / dependent load,1.8637124197557569,raw/round2_w393216_s64_random_b256_seed59202_huge_n1000000.u64.gz
round2,round2_w393216_s64_random_b256_seed59203_huge_n1000000,round2,ookay,1000000,256,64,59203,huge,random,393216,1000000,25.5564741875,2.062858654812581,24.28125,25.0,25.5,25.9453125,26.6171875,27.34375,22.6171875,229.5234375,23.5859375,27.359375,12427,TSC ticks / dependent load,1.8533080611377954,raw/round2_w393216_s64_random_b256_seed59203_huge_n1000000.u64.gz
round2,round2_w393216_s64_sequential_b256_seed59202_huge_n1000000,round2,ookay,1000000,256,64,59202,huge,sequential,393216,1000000,8.0059869921875,1.5105957656360651,7.5390625,7.6484375,7.71875,7.828125,11.0625,12.3828125,7.1640625,136.4375,7.3828125,8.09375,97724,TSC ticks / dependent load,0.600723335519433,raw/round2_w393216_s64_sequential_b256_seed59202_huge_n1000000.u64.gz
round2,round2_w393216_s8_random_b256_seed59202_huge_n1000000,round2,ookay,1000000,256,8,59202,huge,random,393216,1000000,18.7192045625,1.9503048374549994,17.484375,18.140625,18.6171875,19.1171875,19.921875,21.03125,15.8515625,217.2421875,16.6796875,20.578125,18512,TSC ticks / dependent load,1.3662967020645738,raw/round2_w393216_s8_random_b256_seed59202_huge_n1000000.u64.gz
round2,round2_w40960_s64_random_b256_seed59202_huge_n1000000,round2,ookay,1000000,256,64,59202,huge,random,40960,1000000,10.8494110625,1.528251628375836,10.640625,10.6796875,10.703125,10.7265625,11.5,12.4140625,10.0234375,265.9140625,10.609375,10.796875,124952,TSC ticks / dependent load,0.8027130318805575,raw/round2_w40960_s64_random_b256_seed59202_huge_n1000000.u64.gz
round2,round2_w4194304_s64_random_b256_seed59202_base_n1000000,round2,ookay,1000000,256,64,59202,base,random,4194304,1000000,68.0668900546875,55.91369102911955,41.7265625,43.2890625,44.9453125,49.0234375,212.46875,225.1875,39.1640625,491.2421875,39.1640625,57.625,176385,TSC ticks / dependent load,4.889456992968917,raw/round2_w4194304_s64_random_b256_seed59202_base_n1000000.u64.gz
round2,round2_w4194304_s64_random_b256_seed59202_huge_n1000000,round2,ookay,1000000,256,64,59202,huge,random,4194304,1000000,43.420523671875,39.95614838999055,32.453125,32.7890625,33.0078125,33.21875,190.703125,207.1953125,31.7734375,382.2578125,32.1484375,33.859375,99625,TSC ticks / dependent load,3.1283407770097256,raw/round2_w4194304_s64_random_b256_seed59202_huge_n1000000.u64.gz
round2,round2_w4194304_s64_sequential_b256_seed59202_huge_n1000000,round2,ookay,1000000,256,64,59202,huge,sequential,4194304,1000000,7.883019109375,1.196324685343879,7.671875,7.7265625,7.765625,7.8203125,8.328125,10.046875,7.5390625,137.40625,7.5859375,7.9609375,92389,TSC ticks / dependent load,0.5926282173022628,raw/round2_w4194304_s64_sequential_b256_seed59202_huge_n1000000.u64.gz
round2,round2_w4194304_s8_random_b256_seed59202_huge_n1000000,round2,ookay,1000000,256,8,59202,huge,random,4194304,1000000,42.3753050546875,32.731572837316975,31.5625,31.984375,32.2890625,32.671875,145.046875,163.25,30.40625,339.9765625,30.953125,33.703125,123670,TSC ticks / dependent load,3.0752918338403106,raw/round2_w4194304_s8_random_b256_seed59202_huge_n1000000.u64.gz
round2,round2_w4194304_s8_random_b256_seed59203_huge_n1000000,round2,ookay,1000000,256,8,59203,huge,random,4194304,1000000,42.354710578125,30.89709496201718,31.578125,32.0,32.3125,32.765625,140.5078125,158.6171875,30.234375,385.5703125,30.8515625,33.9140625,155929,TSC ticks / dependent load,3.0739317452535033,raw/round2_w4194304_s8_random_b256_seed59203_huge_n1000000.u64.gz
round2,round2_w425984_s64_random_b256_seed59202_huge_n1000000,round2,ookay,1000000,256,64,59202,huge,random,425984,1000000,26.207395484375,2.2593949731745413,24.390625,25.578125,26.171875,26.75,27.5390625,28.28125,22.59375,266.453125,23.8203125,28.5078125,16581,TSC ticks / dependent load,1.9001115914434195,raw/round2_w425984_s64_random_b256_seed59202_huge_n1000000.u64.gz
round2,round2_w45056_s64_random_b256_seed59202_huge_n1000000,round2,ookay,1000000,256,64,59202,huge,random,45056,1000000,10.8771162109375,1.4581367990455134,10.6640625,10.6953125,10.7109375,10.7265625,11.53125,12.6875,10.2421875,140.3671875,10.6484375,10.7734375,142719,TSC ticks / dependent load,0.8044520281255245,raw/round2_w45056_s64_random_b256_seed59202_huge_n1000000.u64.gz
round2,round2_w458752_s64_random_b256_seed59202_huge_n1000000,round2,ookay,1000000,256,64,59202,huge,random,458752,1000000,26.79526034375,2.102486798478033,25.6640625,26.296875,26.71875,27.1328125,27.734375,28.40625,24.0390625,348.6953125,25.046875,28.3828125,19499,TSC ticks / dependent load,1.942384391091764,raw/round2_w458752_s64_random_b256_seed59202_huge_n1000000.u64.gz
round2,round2_w491520_s64_random_b256_seed59202_huge_n1000000,round2,ookay,1000000,256,64,59202,huge,random,491520,1000000,27.106613515625,2.2753423437195464,25.9453125,26.5078125,26.96875,27.484375,28.2109375,28.9453125,24.6796875,226.5859375,25.046875,28.9453125,9981,TSC ticks / dependent load,1.9842324452474713,raw/round2_w491520_s64_random_b256_seed59202_huge_n1000000.u64.gz
round2,round2_w49152_s64_random_b256_seed59202_huge_n1000000,round2,ookay,1000000,256,64,59202,huge,random,49152,1000000,10.830084375,1.2825662206175084,10.6875,10.703125,10.7109375,10.7265625,11.4921875,12.25,10.2578125,140.171875,10.671875,10.7578125,101305,TSC ticks / dependent load,0.8063458576798439,raw/round2_w49152_s64_random_b256_seed59202_huge_n1000000.u64.gz
round2,round2_w49152_s64_random_b256_seed59203_huge_n1000000,round2,ookay,1000000,256,64,59203,huge,random,49152,1000000,10.9012888984375,1.540148468333979,10.6875,10.703125,10.71875,10.734375,11.5625,12.953125,10.265625,330.859375,10.65625,10.78125,148423,TSC ticks / dependent load,0.8063410120084882,raw/round2_w49152_s64_random_b256_seed59203_huge_n1000000.u64.gz
round2,round2_w49152_s64_sequential_b256_seed59202_huge_n1000000,round2,ookay,1000000,256,64,59202,huge,sequential,49152,1000000,5.785146421875,0.8781429503105124,5.4296875,5.4453125,5.875,5.8828125,5.953515624999454,6.671875,5.375,132.1640625,5.375,6.5390625,15271,TSC ticks / dependent load,0.4465160360559821,raw/round2_w49152_s64_sequential_b256_seed59202_huge_n1000000.u64.gz
round2,round2_w49152_s8_random_b256_seed59202_huge_n1000000,round2,ookay,1000000,256,8,59202,huge,random,49152,1000000,6.46643384375,1.0885947603540547,6.0703125,6.234375,6.40625,6.59375,6.9296875,7.4765625,5.7265625,276.7109375,5.7265625,7.1328125,23129,TSC ticks / dependent load,0.4896109076216817,raw/round2_w49152_s8_random_b256_seed59202_huge_n1000000.u64.gz
round2,round2_w5242880_s64_random_b256_seed59202_huge_n1000000,round2,ookay,1000000,256,64,59202,huge,random,5242880,1000000,49.325796265625,49.54255732182625,32.6328125,32.953125,33.1796875,33.7578125,211.328125,224.015625,32.0703125,437.3828125,32.0703125,34.9609375,179858,TSC ticks / dependent load,3.5495048938319087,raw/round2_w5242880_s64_random_b256_seed59202_huge_n1000000.u64.gz
round2,round2_w5242880_s8_random_b256_seed59202_huge_n1000000,round2,ookay,1000000,256,8,59202,huge,random,5242880,1000000,46.81113721875,39.82661345590782,31.9375,32.359375,32.7265625,33.578125,167.0625,181.015625,30.8125,377.75,30.8125,35.40625,177624,TSC ticks / dependent load,3.399937406182289,raw/round2_w5242880_s8_random_b256_seed59202_huge_n1000000.u64.gz
round2,round2_w524288_s64_random_b256_seed59202_huge_n1000000,round2,ookay,1000000,256,64,59202,huge,random,524288,1000000,27.60046096875,2.2851819058962963,26.3671875,27.03125,27.453125,28.0078125,28.734375,29.4296875,24.515625,347.9921875,25.5703125,29.46875,13122,TSC ticks / dependent load,1.9996829172596335,raw/round2_w524288_s64_random_b256_seed59202_huge_n1000000.u64.gz
round2,round2_w524288_s64_random_b256_seed59203_huge_n1000000,round2,ookay,1000000,256,64,59203,huge,random,524288,1000000,27.615388578125,2.2232631617003205,26.03125,27.0234375,27.53125,28.09375,28.8515625,29.515625,24.546875,232.21875,25.421875,29.6953125,11975,TSC ticks / dependent load,2.0009025875478983,raw/round2_w524288_s64_random_b256_seed59203_huge_n1000000.u64.gz
round2,round2_w524288_s64_sequential_b256_seed59202_huge_n1000000,round2,ookay,1000000,256,64,59202,huge,sequential,524288,1000000,7.953338359375,1.6185401499790883,7.6875,7.7421875,7.7890625,7.8515625,8.28125,12.421875,7.53125,219.6171875,7.578125,8.015625,60579,TSC ticks / dependent load,0.5970731014385819,raw/round2_w524288_s64_sequential_b256_seed59202_huge_n1000000.u64.gz
round2,round2_w524288_s8_random_b256_seed59202_huge_n1000000,round2,ookay,1000000,256,8,59202,huge,random,524288,1000000,22.61909978125,2.194251445502264,21.2578125,21.984375,22.5234375,23.0625,23.890625,24.8046875,19.4765625,296.734375,20.3671875,24.6796875,14846,TSC ticks / dependent load,1.6535619776695967,raw/round2_w524288_s8_random_b256_seed59202_huge_n1000000.u64.gz
round2,round2_w53248_s64_random_b256_seed59202_huge_n1000000,round2,ookay,1000000,256,64,59202,huge,random,53248,1000000,10.91452103125,1.5920789764219467,10.6875,10.703125,10.71875,10.734375,11.578125,13.03125,10.328125,214.65625,10.65625,10.78125,174133,TSC ticks / dependent load,0.8072907608002424,raw/round2_w53248_s64_random_b256_seed59202_huge_n1000000.u64.gz
round2,round2_w57344_s64_random_b256_seed59202_huge_n1000000,round2,ookay,1000000,256,64,59202,huge,random,57344,1000000,10.8519987890625,1.4503990004609484,10.6875,10.703125,10.71875,10.7265625,11.5078125,12.34375,10.453125,213.53125,10.671875,10.7578125,110734,TSC ticks / dependent load,0.8149226037785411,raw/round2_w57344_s64_random_b256_seed59202_huge_n1000000.u64.gz
round2,round2_w61440_s64_random_b256_seed59202_huge_n1000000,round2,ookay,1000000,256,64,59202,huge,random,61440,1000000,10.95038184375,1.5778318927753952,10.6875,10.703125,10.71875,10.734375,11.6875,13.546875,10.46875,146.171875,10.65625,10.78125,183129,TSC ticks / dependent load,0.8098879437893629,raw/round2_w61440_s64_random_b256_seed59202_huge_n1000000.u64.gz
round2,round2_w6291456_s64_random_b256_seed59202_base_n1000000,round2,ookay,1000000,256,64,59202,base,random,6291456,1000000,102.86208459375,51.85175785026886,66.6328125,73.6328125,80.6640625,99.46875,230.0078125,240.07039062500007,53.1875,516.140625,53.1875,138.21875,153634,TSC ticks / dependent load,7.3783726580441,raw/round2_w6291456_s64_random_b256_seed59202_base_n1000000.u64.gz
round2,round2_w6291456_s64_random_b256_seed59202_huge_n1000000,round2,ookay,1000000,256,64,59202,huge,random,6291456,1000000,55.3232330546875,50.192156245811475,33.578125,34.921875,36.7421875,42.984375,217.8359375,228.90625,32.25,523.875,32.25,55.078125,162264,TSC ticks / dependent load,3.9850845774635673,raw/round2_w6291456_s64_random_b256_seed59202_huge_n1000000.u64.gz
round2,round2_w6291456_s64_sequential_b256_seed59202_huge_n1000000,round2,ookay,1000000,256,64,59202,huge,sequential,6291456,1000000,11.479417984375,6.740766582434071,7.703125,7.796875,8.3359375,10.78125,27.1640625,32.703125,7.5546875,260.359375,7.5546875,15.2578125,168358,TSC ticks / dependent load,0.8503557862713933,raw/round2_w6291456_s64_sequential_b256_seed59202_huge_n1000000.u64.gz
round2,round2_w6291456_s8_random_b256_seed59202_huge_n1000000,round2,ookay,1000000,256,8,59202,huge,random,6291456,1000000,52.07044559375,42.445552516469625,33.0546875,34.4375,36.2265625,41.3203125,182.3203125,195.5390625,31.234375,405.71875,31.234375,51.640625,158255,TSC ticks / dependent load,3.789167462848127,raw/round2_w6291456_s8_random_b256_seed59202_huge_n1000000.u64.gz
round2,round2_w6291456_s8_random_b256_seed59203_huge_n1000000,round2,ookay,1000000,256,8,59203,huge,random,6291456,1000000,51.767245875,42.3017186326145,33.0234375,34.390625,36.1328125,41.1171875,182.2890625,196.015625,31.1953125,422.15625,31.1953125,51.203125,156684,TSC ticks / dependent load,3.762536406517029,raw/round2_w6291456_s8_random_b256_seed59203_huge_n1000000.u64.gz
round2,round2_w65536_s64_random_b256_seed59202_huge_n1000000,round2,ookay,1000000,256,64,59202,huge,random,65536,1000000,10.9635927734375,1.5774075474439537,10.6875,10.703125,10.71875,10.734375,11.7421875,13.71875,10.46875,241.421875,10.65625,10.78125,189669,TSC ticks / dependent load,0.8106033420190215,raw/round2_w65536_s64_random_b256_seed59202_huge_n1000000.u64.gz
round2,round2_w65536_s64_random_b256_seed59203_huge_n1000000,round2,ookay,1000000,256,64,59203,huge,random,65536,1000000,10.9652295078125,1.7062562547250708,10.6875,10.703125,10.71875,10.734375,11.734375,13.6875,10.4609375,288.921875,10.65625,10.78125,189236,TSC ticks / dependent load,0.8108477788046002,raw/round2_w65536_s64_random_b256_seed59203_huge_n1000000.u64.gz
round2,round2_w65536_s64_sequential_b256_seed59202_huge_n1000000,round2,ookay,1000000,256,64,59202,huge,sequential,65536,1000000,5.7897230390625,1.1557258316899228,5.421875,5.4375,5.859375,5.8828125,6.25,8.1953125,5.3828125,244.890625,5.3828125,6.546875,32336,TSC ticks / dependent load,0.4501101551577449,raw/round2_w65536_s64_sequential_b256_seed59202_huge_n1000000.u64.gz
round2,round2_w65536_s8_random_b256_seed59202_huge_n1000000,round2,ookay,1000000,256,8,59202,huge,random,65536,1000000,7.6394750234375,1.2169544124640965,7.21875,7.3671875,7.53125,7.703125,8.328125,9.1328125,6.9375,246.875,6.9375,8.203125,64508,TSC ticks / dependent load,0.589368443004787,raw/round2_w65536_s8_random_b256_seed59202_huge_n1000000.u64.gz
round2,round2_w7340032_s64_random_b256_seed59202_huge_n1000000,round2,ookay,1000000,256,64,59202,huge,random,7340032,1000000,133.6203776796875,55.13255483244736,71.4453125,89.109375,113.3359375,174.7109375,226.46875,236.8203125,48.875,511.21875,48.875,303.0703125,320,TSC ticks / dependent load,9.57284985203296,raw/round2_w7340032_s64_random_b256_seed59202_huge_n1000000.u64.gz
round2,round2_w7340032_s8_random_b256_seed59202_huge_n1000000,round2,ookay,1000000,256,8,59202,huge,random,7340032,1000000,79.7556366328125,46.172597415042745,47.1328125,53.4609375,60.90625,78.609375,196.9375,207.7890625,36.1640625,477.4765625,36.1640625,116.328125,136247,TSC ticks / dependent load,5.785810784436762,raw/round2_w7340032_s8_random_b256_seed59202_huge_n1000000.u64.gz
round2,round2_w8388608_s64_random_b256_seed59202_base_n1000000,round2,ookay,1000000,256,64,59202,base,random,8388608,1000000,201.0687791328125,31.950384234913574,162.6328125,174.4765625,188.078125,235.4453125,246.671875,262.125,137.9609375,692.0703125,137.9609375,326.8828125,880,TSC ticks / dependent load,14.500199601985514,raw/round2_w8388608_s64_random_b256_seed59202_base_n1000000.u64.gz
round2,round2_w8388608_s64_random_b256_seed59202_huge_n1000000,round2,ookay,1000000,256,64,59202,huge,random,8388608,1000000,180.9812430078125,28.321736962453084,148.6640625,160.0234375,170.5859375,205.03125,228.984375,239.9921875,118.6171875,567.34375,118.6171875,272.53125,3699,TSC ticks / dependent load,12.952321135438979,raw/round2_w8388608_s64_random_b256_seed59202_huge_n1000000.u64.gz
round2,round2_w8388608_s64_sequential_b256_seed59202_huge_n1000000,round2,ookay,1000000,256,64,59202,huge,sequential,8388608,1000000,21.2605031953125,6.161762493415847,13.8515625,16.484375,19.7265625,25.6171875,32.0,35.609375,8.828125,159.2890625,8.828125,39.3125,2793,TSC ticks / dependent load,1.5497962720692158,raw/round2_w8388608_s64_sequential_b256_seed59202_huge_n1000000.u64.gz
round2,round2_w8388608_s8_random_b256_seed59202_huge_n1000000,round2,ookay,1000000,256,8,59202,huge,random,8388608,1000000,107.56512703125,44.36137957499263,72.5078125,80.3359375,87.9375,108.578125,204.921875,214.53125,52.7578125,489.140625,52.7578125,150.9375,173581,TSC ticks / dependent load,7.810668962076306,raw/round2_w8388608_s8_random_b256_seed59202_huge_n1000000.u64.gz
round2,round2_w8388608_s8_random_b256_seed59203_huge_n1000000,round2,ookay,1000000,256,8,59203,huge,random,8388608,1000000,105.5264493671875,42.75700982591708,72.625,80.578125,87.9453125,103.8203125,204.9609375,214.9375,52.328125,521.3984375,52.328125,138.6796875,157303,TSC ticks / dependent load,7.668004541657865,raw/round2_w8388608_s8_random_b256_seed59203_huge_n1000000.u64.gz
