run_id,name,block,median,units
round2,round2_w1048576_s64_random_b1024_seed59202_huge_n1000000,1,0.15234375,CNTVCT ticks / dependent load
round2,round2_w1048576_s64_random_b1024_seed59202_huge_n1000000,2,0.1572265625,CNTVCT ticks / dependent load
round2,round2_w1048576_s64_random_b1024_seed59202_huge_n1000000,3,0.1572265625,CNTVCT ticks / dependent load
round2,round2_w1048576_s64_random_b1024_seed59202_huge_n1000000,4,0.1572265625,CNTVCT ticks / dependent load
round2,round2_w1048576_s64_random_b1024_seed59202_huge_n1000000,5,0.15625,CNTVCT ticks / dependent load
round2,round2_w1048576_s64_random_b1024_seed59202_huge_n1000000,6,0.15625,CNTVCT ticks / dependent load
round2,round2_w1048576_s64_random_b1024_seed59202_huge_n1000000,7,0.1552734375,CNTVCT ticks / dependent load
round2,round2_w1048576_s64_random_b1024_seed59202_huge_n1000000,8,0.15625,CNTVCT ticks / dependent load
round2,round2_w1048576_s64_random_b1024_seed59202_huge_n1000000,9,0.1552734375,CNTVCT ticks / dependent load
round2,round2_w1048576_s64_random_b1024_seed59202_huge_n1000000,10,0.15625,CNTVCT ticks / dependent load
round2,round2_w1048576_s64_random_b256_seed59202_huge_n1000000,1,0.15625,CNTVCT ticks / dependent load
round2,round2_w1048576_s64_random_b256_seed59202_huge_n1000000,2,0.15625,CNTVCT ticks / dependent load
round2,round2_w1048576_s64_random_b256_seed59202_huge_n1000000,3,0.15625,CNTVCT ticks / dependent load
round2,round2_w1048576_s64_random_b256_seed59202_huge_n1000000,4,0.15625,CNTVCT ticks / dependent load
round2,round2_w1048576_s64_random_b256_seed59202_huge_n1000000,5,0.15625,CNTVCT ticks / dependent load
round2,round2_w1048576_s64_random_b256_seed59202_huge_n1000000,6,0.15625,CNTVCT ticks / dependent load
round2,round2_w1048576_s64_random_b256_seed59202_huge_n1000000,7,0.15625,CNTVCT ticks / dependent load
round2,round2_w1048576_s64_random_b256_seed59202_huge_n1000000,8,0.15625,CNTVCT ticks / dependent load
round2,round2_w1048576_s64_random_b256_seed59202_huge_n1000000,9,0.15625,CNTVCT ticks / dependent load
round2,round2_w1048576_s64_random_b256_seed59202_huge_n1000000,10,0.15625,CNTVCT ticks / dependent load
round2,round2_w1048576_s64_random_b256_seed59203_huge_n1000000,1,0.16015625,CNTVCT ticks / dependent load
round2,round2_w1048576_s64_random_b256_seed59203_huge_n1000000,2,0.15625,CNTVCT ticks / dependent load
round2,round2_w1048576_s64_random_b256_seed59203_huge_n1000000,3,0.15625,CNTVCT ticks / dependent load
round2,round2_w1048576_s64_random_b256_seed59203_huge_n1000000,4,0.15625,CNTVCT ticks / dependent load
round2,round2_w1048576_s64_random_b256_seed59203_huge_n1000000,5,0.15625,CNTVCT ticks / dependent load
round2,round2_w1048576_s64_random_b256_seed59203_huge_n1000000,6,0.15625,CNTVCT ticks / dependent load
round2,round2_w1048576_s64_random_b256_seed59203_huge_n1000000,7,0.15625,CNTVCT ticks / dependent load
round2,round2_w1048576_s64_random_b256_seed59203_huge_n1000000,8,0.15625,CNTVCT ticks / dependent load
round2,round2_w1048576_s64_random_b256_seed59203_huge_n1000000,9,0.15625,CNTVCT ticks / dependent load
round2,round2_w1048576_s64_random_b256_seed59203_huge_n1000000,10,0.15625,CNTVCT ticks / dependent load
round2,round2_w1048576_s64_sequential_b256_seed59202_huge_n1000000,1,0.05078125,CNTVCT ticks / dependent load
round2,round2_w1048576_s64_sequential_b256_seed59202_huge_n1000000,2,0.046875,CNTVCT ticks / dependent load
round2,round2_w1048576_s64_sequential_b256_seed59202_huge_n1000000,3,0.046875,CNTVCT ticks / dependent load
round2,round2_w1048576_s64_sequential_b256_seed59202_huge_n1000000,4,0.046875,CNTVCT ticks / dependent load
round2,round2_w1048576_s64_sequential_b256_seed59202_huge_n1000000,5,0.046875,CNTVCT ticks / dependent load
round2,round2_w1048576_s64_sequential_b256_seed59202_huge_n1000000,6,0.046875,CNTVCT ticks / dependent load
round2,round2_w1048576_s64_sequential_b256_seed59202_huge_n1000000,7,0.046875,CNTVCT ticks / dependent load
round2,round2_w1048576_s64_sequential_b256_seed59202_huge_n1000000,8,0.046875,CNTVCT ticks / dependent load
round2,round2_w1048576_s64_sequential_b256_seed59202_huge_n1000000,9,0.046875,CNTVCT ticks / dependent load
round2,round2_w1048576_s64_sequential_b256_seed59202_huge_n1000000,10,0.046875,CNTVCT ticks / dependent load
round2,round2_w1048576_s8_random_b256_seed59202_huge_n1000000,1,0.109375,CNTVCT ticks / dependent load
round2,round2_w1048576_s8_random_b256_seed59202_huge_n1000000,2,0.109375,CNTVCT ticks / dependent load
round2,round2_w1048576_s8_random_b256_seed59202_huge_n1000000,3,0.109375,CNTVCT ticks / dependent load
round2,round2_w1048576_s8_random_b256_seed59202_huge_n1000000,4,0.109375,CNTVCT ticks / dependent load
round2,round2_w1048576_s8_random_b256_seed59202_huge_n1000000,5,0.109375,CNTVCT ticks / dependent load
round2,round2_w1048576_s8_random_b256_seed59202_huge_n1000000,6,0.109375,CNTVCT ticks / dependent load
round2,round2_w1048576_s8_random_b256_seed59202_huge_n1000000,7,0.109375,CNTVCT ticks / dependent load
round2,round2_w1048576_s8_random_b256_seed59202_huge_n1000000,8,0.109375,CNTVCT ticks / dependent load
round2,round2_w1048576_s8_random_b256_seed59202_huge_n1000000,9,0.109375,CNTVCT ticks / dependent load
round2,round2_w1048576_s8_random_b256_seed59202_huge_n1000000,10,0.109375,CNTVCT ticks / dependent load
round2,round2_w106496_s64_random_b256_seed59202_huge_n1000000,1,0.1171875,CNTVCT ticks / dependent load
round2,round2_w106496_s64_random_b256_seed59202_huge_n1000000,2,0.1171875,CNTVCT ticks / dependent load
round2,round2_w106496_s64_random_b256_seed59202_huge_n1000000,3,0.1171875,CNTVCT ticks / dependent load
round2,round2_w106496_s64_random_b256_seed59202_huge_n1000000,4,0.1171875,CNTVCT ticks / dependent load
round2,round2_w106496_s64_random_b256_seed59202_huge_n1000000,5,0.1171875,CNTVCT ticks / dependent load
round2,round2_w106496_s64_random_b256_seed59202_huge_n1000000,6,0.1171875,CNTVCT ticks / dependent load
round2,round2_w106496_s64_random_b256_seed59202_huge_n1000000,7,0.1171875,CNTVCT ticks / dependent load
round2,round2_w106496_s64_random_b256_seed59202_huge_n1000000,8,0.1171875,CNTVCT ticks / dependent load
round2,round2_w106496_s64_random_b256_seed59202_huge_n1000000,9,0.1171875,CNTVCT ticks / dependent load
round2,round2_w106496_s64_random_b256_seed59202_huge_n1000000,10,0.1171875,CNTVCT ticks / dependent load
round2,round2_w114688_s64_random_b256_seed59202_huge_n1000000,1,0.1171875,CNTVCT ticks / dependent load
round2,round2_w114688_s64_random_b256_seed59202_huge_n1000000,2,0.11328125,CNTVCT ticks / dependent load
round2,round2_w114688_s64_random_b256_seed59202_huge_n1000000,3,0.11328125,CNTVCT ticks / dependent load
round2,round2_w114688_s64_random_b256_seed59202_huge_n1000000,4,0.11328125,CNTVCT ticks / dependent load
round2,round2_w114688_s64_random_b256_seed59202_huge_n1000000,5,0.11328125,CNTVCT ticks / dependent load
round2,round2_w114688_s64_random_b256_seed59202_huge_n1000000,6,0.11328125,CNTVCT ticks / dependent load
round2,round2_w114688_s64_random_b256_seed59202_huge_n1000000,7,0.11328125,CNTVCT ticks / dependent load
round2,round2_w114688_s64_random_b256_seed59202_huge_n1000000,8,0.11328125,CNTVCT ticks / dependent load
round2,round2_w114688_s64_random_b256_seed59202_huge_n1000000,9,0.11328125,CNTVCT ticks / dependent load
round2,round2_w114688_s64_random_b256_seed59202_huge_n1000000,10,0.11328125,CNTVCT ticks / dependent load
round2,round2_w1179648_s64_random_b256_seed59202_huge_n1000000,1,0.3671875,CNTVCT ticks / dependent load
round2,round2_w1179648_s64_random_b256_seed59202_huge_n1000000,2,0.3671875,CNTVCT ticks / dependent load
round2,round2_w1179648_s64_random_b256_seed59202_huge_n1000000,3,0.36328125,CNTVCT ticks / dependent load
round2,round2_w1179648_s64_random_b256_seed59202_huge_n1000000,4,0.3671875,CNTVCT ticks / dependent load
round2,round2_w1179648_s64_random_b256_seed59202_huge_n1000000,5,0.3671875,CNTVCT ticks / dependent load
round2,round2_w1179648_s64_random_b256_seed59202_huge_n1000000,6,0.3671875,CNTVCT ticks / dependent load
round2,round2_w1179648_s64_random_b256_seed59202_huge_n1000000,7,0.3671875,CNTVCT ticks / dependent load
round2,round2_w1179648_s64_random_b256_seed59202_huge_n1000000,8,0.3671875,CNTVCT ticks / dependent load
round2,round2_w1179648_s64_random_b256_seed59202_huge_n1000000,9,0.3671875,CNTVCT ticks / dependent load
round2,round2_w1179648_s64_random_b256_seed59202_huge_n1000000,10,0.3671875,CNTVCT ticks / dependent load
round2,round2_w122880_s64_random_b256_seed59202_huge_n1000000,1,0.1171875,CNTVCT ticks / dependent load
round2,round2_w122880_s64_random_b256_seed59202_huge_n1000000,2,0.11328125,CNTVCT ticks / dependent load
round2,round2_w122880_s64_random_b256_seed59202_huge_n1000000,3,0.1171875,CNTVCT ticks / dependent load
round2,round2_w122880_s64_random_b256_seed59202_huge_n1000000,4,0.115234375,CNTVCT ticks / dependent load
round2,round2_w122880_s64_random_b256_seed59202_huge_n1000000,5,0.1171875,CNTVCT ticks / dependent load
round2,round2_w122880_s64_random_b256_seed59202_huge_n1000000,6,0.1171875,CNTVCT ticks / dependent load
round2,round2_w122880_s64_random_b256_seed59202_huge_n1000000,7,0.1171875,CNTVCT ticks / dependent load
round2,round2_w122880_s64_random_b256_seed59202_huge_n1000000,8,0.1171875,CNTVCT ticks / dependent load
round2,round2_w122880_s64_random_b256_seed59202_huge_n1000000,9,0.11328125,CNTVCT ticks / dependent load
round2,round2_w122880_s64_random_b256_seed59202_huge_n1000000,10,0.1171875,CNTVCT ticks / dependent load
round2,round2_w1310720_s64_random_b256_seed59202_huge_n1000000,1,0.52734375,CNTVCT ticks / dependent load
round2,round2_w1310720_s64_random_b256_seed59202_huge_n1000000,2,0.52734375,CNTVCT ticks / dependent load
round2,round2_w1310720_s64_random_b256_seed59202_huge_n1000000,3,0.52734375,CNTVCT ticks / dependent load
round2,round2_w1310720_s64_random_b256_seed59202_huge_n1000000,4,0.52734375,CNTVCT ticks / dependent load
round2,round2_w1310720_s64_random_b256_seed59202_huge_n1000000,5,0.52734375,CNTVCT ticks / dependent load
round2,round2_w1310720_s64_random_b256_seed59202_huge_n1000000,6,0.52734375,CNTVCT ticks / dependent load
round2,round2_w1310720_s64_random_b256_seed59202_huge_n1000000,7,0.52734375,CNTVCT ticks / dependent load
round2,round2_w1310720_s64_random_b256_seed59202_huge_n1000000,8,0.52734375,CNTVCT ticks / dependent load
round2,round2_w1310720_s64_random_b256_seed59202_huge_n1000000,9,0.52734375,CNTVCT ticks / dependent load
round2,round2_w1310720_s64_random_b256_seed59202_huge_n1000000,10,0.52734375,CNTVCT ticks / dependent load
round2,round2_w131072_s64_random_b256_seed59202_huge_n1000000,1,0.1171875,CNTVCT ticks / dependent load
round2,round2_w131072_s64_random_b256_seed59202_huge_n1000000,2,0.1171875,CNTVCT ticks / dependent load
round2,round2_w131072_s64_random_b256_seed59202_huge_n1000000,3,0.1171875,CNTVCT ticks / dependent load
round2,round2_w131072_s64_random_b256_seed59202_huge_n1000000,4,0.1171875,CNTVCT ticks / dependent load
round2,round2_w131072_s64_random_b256_seed59202_huge_n1000000,5,0.1171875,CNTVCT ticks / dependent load
round2,round2_w131072_s64_random_b256_seed59202_huge_n1000000,6,0.1171875,CNTVCT ticks / dependent load
round2,round2_w131072_s64_random_b256_seed59202_huge_n1000000,7,0.1171875,CNTVCT ticks / dependent load
round2,round2_w131072_s64_random_b256_seed59202_huge_n1000000,8,0.1171875,CNTVCT ticks / dependent load
round2,round2_w131072_s64_random_b256_seed59202_huge_n1000000,9,0.1171875,CNTVCT ticks / dependent load
round2,round2_w131072_s64_random_b256_seed59202_huge_n1000000,10,0.1171875,CNTVCT ticks / dependent load
round2,round2_w131072_s64_random_b256_seed59203_huge_n1000000,1,0.1171875,CNTVCT ticks / dependent load
round2,round2_w131072_s64_random_b256_seed59203_huge_n1000000,2,0.1171875,CNTVCT ticks / dependent load
round2,round2_w131072_s64_random_b256_seed59203_huge_n1000000,3,0.1171875,CNTVCT ticks / dependent load
round2,round2_w131072_s64_random_b256_seed59203_huge_n1000000,4,0.1171875,CNTVCT ticks / dependent load
round2,round2_w131072_s64_random_b256_seed59203_huge_n1000000,5,0.1171875,CNTVCT ticks / dependent load
round2,round2_w131072_s64_random_b256_seed59203_huge_n1000000,6,0.1171875,CNTVCT ticks / dependent load
round2,round2_w131072_s64_random_b256_seed59203_huge_n1000000,7,0.1171875,CNTVCT ticks / dependent load
round2,round2_w131072_s64_random_b256_seed59203_huge_n1000000,8,0.1171875,CNTVCT ticks / dependent load
round2,round2_w131072_s64_random_b256_seed59203_huge_n1000000,9,0.1171875,CNTVCT ticks / dependent load
round2,round2_w131072_s64_random_b256_seed59203_huge_n1000000,10,0.1171875,CNTVCT ticks / dependent load
round2,round2_w131072_s64_sequential_b256_seed59202_huge_n1000000,1,0.046875,CNTVCT ticks / dependent load
round2,round2_w131072_s64_sequential_b256_seed59202_huge_n1000000,2,0.0390625,CNTVCT ticks / dependent load
round2,round2_w131072_s64_sequential_b256_seed59202_huge_n1000000,3,0.0390625,CNTVCT ticks / dependent load
round2,round2_w131072_s64_sequential_b256_seed59202_huge_n1000000,4,0.0390625,CNTVCT ticks / dependent load
round2,round2_w131072_s64_sequential_b256_seed59202_huge_n1000000,5,0.0390625,CNTVCT ticks / dependent load
round2,round2_w131072_s64_sequential_b256_seed59202_huge_n1000000,6,0.0390625,CNTVCT ticks / dependent load
round2,round2_w131072_s64_sequential_b256_seed59202_huge_n1000000,7,0.0390625,CNTVCT ticks / dependent load
round2,round2_w131072_s64_sequential_b256_seed59202_huge_n1000000,8,0.0390625,CNTVCT ticks / dependent load
round2,round2_w131072_s64_sequential_b256_seed59202_huge_n1000000,9,0.0390625,CNTVCT ticks / dependent load
round2,round2_w131072_s64_sequential_b256_seed59202_huge_n1000000,10,0.0390625,CNTVCT ticks / dependent load
round2,round2_w131072_s8_random_b256_seed59202_huge_n1000000,1,0.078125,CNTVCT ticks / dependent load
round2,round2_w131072_s8_random_b256_seed59202_huge_n1000000,2,0.07421875,CNTVCT ticks / dependent load
round2,round2_w131072_s8_random_b256_seed59202_huge_n1000000,3,0.07421875,CNTVCT ticks / dependent load
round2,round2_w131072_s8_random_b256_seed59202_huge_n1000000,4,0.07421875,CNTVCT ticks / dependent load
round2,round2_w131072_s8_random_b256_seed59202_huge_n1000000,5,0.07421875,CNTVCT ticks / dependent load
round2,round2_w131072_s8_random_b256_seed59202_huge_n1000000,6,0.07421875,CNTVCT ticks / dependent load
round2,round2_w131072_s8_random_b256_seed59202_huge_n1000000,7,0.07421875,CNTVCT ticks / dependent load
round2,round2_w131072_s8_random_b256_seed59202_huge_n1000000,8,0.078125,CNTVCT ticks / dependent load
round2,round2_w131072_s8_random_b256_seed59202_huge_n1000000,9,0.07421875,CNTVCT ticks / dependent load
round2,round2_w131072_s8_random_b256_seed59202_huge_n1000000,10,0.07421875,CNTVCT ticks / dependent load
round2,round2_w1441792_s64_random_b256_seed59202_huge_n1000000,1,0.66015625,CNTVCT ticks / dependent load
round2,round2_w1441792_s64_random_b256_seed59202_huge_n1000000,2,0.66015625,CNTVCT ticks / dependent load
round2,round2_w1441792_s64_random_b256_seed59202_huge_n1000000,3,0.66015625,CNTVCT ticks / dependent load
round2,round2_w1441792_s64_random_b256_seed59202_huge_n1000000,4,0.66015625,CNTVCT ticks / dependent load
round2,round2_w1441792_s64_random_b256_seed59202_huge_n1000000,5,0.66015625,CNTVCT ticks / dependent load
round2,round2_w1441792_s64_random_b256_seed59202_huge_n1000000,6,0.66015625,CNTVCT ticks / dependent load
round2,round2_w1441792_s64_random_b256_seed59202_huge_n1000000,7,0.66015625,CNTVCT ticks / dependent load
round2,round2_w1441792_s64_random_b256_seed59202_huge_n1000000,8,0.66015625,CNTVCT ticks / dependent load
round2,round2_w1441792_s64_random_b256_seed59202_huge_n1000000,9,0.66015625,CNTVCT ticks / dependent load
round2,round2_w1441792_s64_random_b256_seed59202_huge_n1000000,10,0.66015625,CNTVCT ticks / dependent load
round2,round2_w1572864_s64_random_b256_seed59202_huge_n1000000,1,0.78125,CNTVCT ticks / dependent load
round2,round2_w1572864_s64_random_b256_seed59202_huge_n1000000,2,0.78125,CNTVCT ticks / dependent load
round2,round2_w1572864_s64_random_b256_seed59202_huge_n1000000,3,0.78125,CNTVCT ticks / dependent load
round2,round2_w1572864_s64_random_b256_seed59202_huge_n1000000,4,0.78125,CNTVCT ticks / dependent load
round2,round2_w1572864_s64_random_b256_seed59202_huge_n1000000,5,0.78125,CNTVCT ticks / dependent load
round2,round2_w1572864_s64_random_b256_seed59202_huge_n1000000,6,0.78125,CNTVCT ticks / dependent load
round2,round2_w1572864_s64_random_b256_seed59202_huge_n1000000,7,0.78125,CNTVCT ticks / dependent load
round2,round2_w1572864_s64_random_b256_seed59202_huge_n1000000,8,0.78125,CNTVCT ticks / dependent load
round2,round2_w1572864_s64_random_b256_seed59202_huge_n1000000,9,0.78125,CNTVCT ticks / dependent load
round2,round2_w1572864_s64_random_b256_seed59202_huge_n1000000,10,0.78125,CNTVCT ticks / dependent load
round2,round2_w1572864_s64_random_b256_seed59203_huge_n1000000,1,0.7890625,CNTVCT ticks / dependent load
round2,round2_w1572864_s64_random_b256_seed59203_huge_n1000000,2,0.7890625,CNTVCT ticks / dependent load
round2,round2_w1572864_s64_random_b256_seed59203_huge_n1000000,3,0.7890625,CNTVCT ticks / dependent load
round2,round2_w1572864_s64_random_b256_seed59203_huge_n1000000,4,0.78515625,CNTVCT ticks / dependent load
round2,round2_w1572864_s64_random_b256_seed59203_huge_n1000000,5,0.7890625,CNTVCT ticks / dependent load
round2,round2_w1572864_s64_random_b256_seed59203_huge_n1000000,6,0.7890625,CNTVCT ticks / dependent load
round2,round2_w1572864_s64_random_b256_seed59203_huge_n1000000,7,0.7890625,CNTVCT ticks / dependent load
round2,round2_w1572864_s64_random_b256_seed59203_huge_n1000000,8,0.7890625,CNTVCT ticks / dependent load
round2,round2_w1572864_s64_random_b256_seed59203_huge_n1000000,9,0.7890625,CNTVCT ticks / dependent load
round2,round2_w1572864_s64_random_b256_seed59203_huge_n1000000,10,0.7890625,CNTVCT ticks / dependent load
round2,round2_w1572864_s64_sequential_b256_seed59202_huge_n1000000,1,0.05078125,CNTVCT ticks / dependent load
round2,round2_w1572864_s64_sequential_b256_seed59202_huge_n1000000,2,0.05078125,CNTVCT ticks / dependent load
round2,round2_w1572864_s64_sequential_b256_seed59202_huge_n1000000,3,0.05078125,CNTVCT ticks / dependent load
round2,round2_w1572864_s64_sequential_b256_seed59202_huge_n1000000,4,0.05078125,CNTVCT ticks / dependent load
round2,round2_w1572864_s64_sequential_b256_seed59202_huge_n1000000,5,0.05078125,CNTVCT ticks / dependent load
round2,round2_w1572864_s64_sequential_b256_seed59202_huge_n1000000,6,0.05078125,CNTVCT ticks / dependent load
round2,round2_w1572864_s64_sequential_b256_seed59202_huge_n1000000,7,0.05078125,CNTVCT ticks / dependent load
round2,round2_w1572864_s64_sequential_b256_seed59202_huge_n1000000,8,0.05078125,CNTVCT ticks / dependent load
round2,round2_w1572864_s64_sequential_b256_seed59202_huge_n1000000,9,0.05078125,CNTVCT ticks / dependent load
round2,round2_w1572864_s64_sequential_b256_seed59202_huge_n1000000,10,0.05078125,CNTVCT ticks / dependent load
round2,round2_w1572864_s8_random_b256_seed59202_huge_n1000000,1,0.4296875,CNTVCT ticks / dependent load
round2,round2_w1572864_s8_random_b256_seed59202_huge_n1000000,2,0.42578125,CNTVCT ticks / dependent load
round2,round2_w1572864_s8_random_b256_seed59202_huge_n1000000,3,0.42578125,CNTVCT ticks / dependent load
round2,round2_w1572864_s8_random_b256_seed59202_huge_n1000000,4,0.42578125,CNTVCT ticks / dependent load
round2,round2_w1572864_s8_random_b256_seed59202_huge_n1000000,5,0.42578125,CNTVCT ticks / dependent load
round2,round2_w1572864_s8_random_b256_seed59202_huge_n1000000,6,0.42578125,CNTVCT ticks / dependent load
round2,round2_w1572864_s8_random_b256_seed59202_huge_n1000000,7,0.42578125,CNTVCT ticks / dependent load
round2,round2_w1572864_s8_random_b256_seed59202_huge_n1000000,8,0.42578125,CNTVCT ticks / dependent load
round2,round2_w1572864_s8_random_b256_seed59202_huge_n1000000,9,0.42578125,CNTVCT ticks / dependent load
round2,round2_w1572864_s8_random_b256_seed59202_huge_n1000000,10,0.42578125,CNTVCT ticks / dependent load
round2,round2_w1703936_s64_random_b256_seed59202_huge_n1000000,1,0.8828125,CNTVCT ticks / dependent load
round2,round2_w1703936_s64_random_b256_seed59202_huge_n1000000,2,0.8828125,CNTVCT ticks / dependent load
round2,round2_w1703936_s64_random_b256_seed59202_huge_n1000000,3,0.8828125,CNTVCT ticks / dependent load
round2,round2_w1703936_s64_random_b256_seed59202_huge_n1000000,4,0.8828125,CNTVCT ticks / dependent load
round2,round2_w1703936_s64_random_b256_seed59202_huge_n1000000,5,0.8828125,CNTVCT ticks / dependent load
round2,round2_w1703936_s64_random_b256_seed59202_huge_n1000000,6,0.8828125,CNTVCT ticks / dependent load
round2,round2_w1703936_s64_random_b256_seed59202_huge_n1000000,7,0.8828125,CNTVCT ticks / dependent load
round2,round2_w1703936_s64_random_b256_seed59202_huge_n1000000,8,0.8828125,CNTVCT ticks / dependent load
round2,round2_w1703936_s64_random_b256_seed59202_huge_n1000000,9,0.8828125,CNTVCT ticks / dependent load
round2,round2_w1703936_s64_random_b256_seed59202_huge_n1000000,10,0.8828125,CNTVCT ticks / dependent load
round2,round2_w1835008_s64_random_b256_seed59202_huge_n1000000,1,0.93359375,CNTVCT ticks / dependent load
round2,round2_w1835008_s64_random_b256_seed59202_huge_n1000000,2,0.93359375,CNTVCT ticks / dependent load
round2,round2_w1835008_s64_random_b256_seed59202_huge_n1000000,3,0.93359375,CNTVCT ticks / dependent load
round2,round2_w1835008_s64_random_b256_seed59202_huge_n1000000,4,0.93359375,CNTVCT ticks / dependent load
round2,round2_w1835008_s64_random_b256_seed59202_huge_n1000000,5,0.93359375,CNTVCT ticks / dependent load
round2,round2_w1835008_s64_random_b256_seed59202_huge_n1000000,6,0.93359375,CNTVCT ticks / dependent load
round2,round2_w1835008_s64_random_b256_seed59202_huge_n1000000,7,0.93359375,CNTVCT ticks / dependent load
round2,round2_w1835008_s64_random_b256_seed59202_huge_n1000000,8,0.93359375,CNTVCT ticks / dependent load
round2,round2_w1835008_s64_random_b256_seed59202_huge_n1000000,9,0.93359375,CNTVCT ticks / dependent load
round2,round2_w1835008_s64_random_b256_seed59202_huge_n1000000,10,0.93359375,CNTVCT ticks / dependent load
round2,round2_w1966080_s64_random_b256_seed59202_huge_n1000000,1,0.953125,CNTVCT ticks / dependent load
round2,round2_w1966080_s64_random_b256_seed59202_huge_n1000000,2,0.953125,CNTVCT ticks / dependent load
round2,round2_w1966080_s64_random_b256_seed59202_huge_n1000000,3,0.953125,CNTVCT ticks / dependent load
round2,round2_w1966080_s64_random_b256_seed59202_huge_n1000000,4,0.953125,CNTVCT ticks / dependent load
round2,round2_w1966080_s64_random_b256_seed59202_huge_n1000000,5,0.953125,CNTVCT ticks / dependent load
round2,round2_w1966080_s64_random_b256_seed59202_huge_n1000000,6,0.953125,CNTVCT ticks / dependent load
round2,round2_w1966080_s64_random_b256_seed59202_huge_n1000000,7,0.953125,CNTVCT ticks / dependent load
round2,round2_w1966080_s64_random_b256_seed59202_huge_n1000000,8,0.953125,CNTVCT ticks / dependent load
round2,round2_w1966080_s64_random_b256_seed59202_huge_n1000000,9,0.953125,CNTVCT ticks / dependent load
round2,round2_w1966080_s64_random_b256_seed59202_huge_n1000000,10,0.953125,CNTVCT ticks / dependent load
round2,round2_w2097152_s64_random_b256_seed59202_huge_n1000000,1,0.9609375,CNTVCT ticks / dependent load
round2,round2_w2097152_s64_random_b256_seed59202_huge_n1000000,2,0.9609375,CNTVCT ticks / dependent load
round2,round2_w2097152_s64_random_b256_seed59202_huge_n1000000,3,0.9609375,CNTVCT ticks / dependent load
round2,round2_w2097152_s64_random_b256_seed59202_huge_n1000000,4,0.9609375,CNTVCT ticks / dependent load
round2,round2_w2097152_s64_random_b256_seed59202_huge_n1000000,5,0.9609375,CNTVCT ticks / dependent load
round2,round2_w2097152_s64_random_b256_seed59202_huge_n1000000,6,0.9609375,CNTVCT ticks / dependent load
round2,round2_w2097152_s64_random_b256_seed59202_huge_n1000000,7,0.95703125,CNTVCT ticks / dependent load
round2,round2_w2097152_s64_random_b256_seed59202_huge_n1000000,8,0.9609375,CNTVCT ticks / dependent load
round2,round2_w2097152_s64_random_b256_seed59202_huge_n1000000,9,0.9609375,CNTVCT ticks / dependent load
round2,round2_w2097152_s64_random_b256_seed59202_huge_n1000000,10,0.9609375,CNTVCT ticks / dependent load
round2,round2_w2097152_s64_random_b256_seed59203_huge_n1000000,1,0.95703125,CNTVCT ticks / dependent load
round2,round2_w2097152_s64_random_b256_seed59203_huge_n1000000,2,0.95703125,CNTVCT ticks / dependent load
round2,round2_w2097152_s64_random_b256_seed59203_huge_n1000000,3,0.95703125,CNTVCT ticks / dependent load
round2,round2_w2097152_s64_random_b256_seed59203_huge_n1000000,4,0.9609375,CNTVCT ticks / dependent load
round2,round2_w2097152_s64_random_b256_seed59203_huge_n1000000,5,0.9609375,CNTVCT ticks / dependent load
round2,round2_w2097152_s64_random_b256_seed59203_huge_n1000000,6,0.9609375,CNTVCT ticks / dependent load
round2,round2_w2097152_s64_random_b256_seed59203_huge_n1000000,7,0.9609375,CNTVCT ticks / dependent load
round2,round2_w2097152_s64_random_b256_seed59203_huge_n1000000,8,0.958984375,CNTVCT ticks / dependent load
round2,round2_w2097152_s64_random_b256_seed59203_huge_n1000000,9,0.95703125,CNTVCT ticks / dependent load
round2,round2_w2097152_s64_random_b256_seed59203_huge_n1000000,10,0.9609375,CNTVCT ticks / dependent load
round2,round2_w2097152_s64_sequential_b256_seed59202_huge_n1000000,1,0.0546875,CNTVCT ticks / dependent load
round2,round2_w2097152_s64_sequential_b256_seed59202_huge_n1000000,2,0.05078125,CNTVCT ticks / dependent load
round2,round2_w2097152_s64_sequential_b256_seed59202_huge_n1000000,3,0.05078125,CNTVCT ticks / dependent load
round2,round2_w2097152_s64_sequential_b256_seed59202_huge_n1000000,4,0.05078125,CNTVCT ticks / dependent load
round2,round2_w2097152_s64_sequential_b256_seed59202_huge_n1000000,5,0.05078125,CNTVCT ticks / dependent load
round2,round2_w2097152_s64_sequential_b256_seed59202_huge_n1000000,6,0.05078125,CNTVCT ticks / dependent load
round2,round2_w2097152_s64_sequential_b256_seed59202_huge_n1000000,7,0.05078125,CNTVCT ticks / dependent load
round2,round2_w2097152_s64_sequential_b256_seed59202_huge_n1000000,8,0.05078125,CNTVCT ticks / dependent load
round2,round2_w2097152_s64_sequential_b256_seed59202_huge_n1000000,9,0.05078125,CNTVCT ticks / dependent load
round2,round2_w2097152_s64_sequential_b256_seed59202_huge_n1000000,10,0.05078125,CNTVCT ticks / dependent load
round2,round2_w2097152_s8_random_b256_seed59202_huge_n1000000,1,0.5703125,CNTVCT ticks / dependent load
round2,round2_w2097152_s8_random_b256_seed59202_huge_n1000000,2,0.5703125,CNTVCT ticks / dependent load
round2,round2_w2097152_s8_random_b256_seed59202_huge_n1000000,3,0.5703125,CNTVCT ticks / dependent load
round2,round2_w2097152_s8_random_b256_seed59202_huge_n1000000,4,0.5703125,CNTVCT ticks / dependent load
round2,round2_w2097152_s8_random_b256_seed59202_huge_n1000000,5,0.5703125,CNTVCT ticks / dependent load
round2,round2_w2097152_s8_random_b256_seed59202_huge_n1000000,6,0.5703125,CNTVCT ticks / dependent load
round2,round2_w2097152_s8_random_b256_seed59202_huge_n1000000,7,0.5703125,CNTVCT ticks / dependent load
round2,round2_w2097152_s8_random_b256_seed59202_huge_n1000000,8,0.5703125,CNTVCT ticks / dependent load
round2,round2_w2097152_s8_random_b256_seed59202_huge_n1000000,9,0.5703125,CNTVCT ticks / dependent load
round2,round2_w2097152_s8_random_b256_seed59202_huge_n1000000,10,0.5703125,CNTVCT ticks / dependent load
round2,round2_w33554432_s64_random_b256_seed59202_base_n1000000,1,1.42578125,CNTVCT ticks / dependent load
round2,round2_w33554432_s64_random_b256_seed59202_base_n1000000,2,1.37109375,CNTVCT ticks / dependent load
round2,round2_w33554432_s64_random_b256_seed59202_base_n1000000,3,1.4375,CNTVCT ticks / dependent load
round2,round2_w33554432_s64_random_b256_seed59202_base_n1000000,4,1.3671875,CNTVCT ticks / dependent load
round2,round2_w33554432_s64_random_b256_seed59202_base_n1000000,5,1.35546875,CNTVCT ticks / dependent load
round2,round2_w33554432_s64_random_b256_seed59202_base_n1000000,6,1.359375,CNTVCT ticks / dependent load
round2,round2_w33554432_s64_random_b256_seed59202_base_n1000000,7,1.35546875,CNTVCT ticks / dependent load
round2,round2_w33554432_s64_random_b256_seed59202_base_n1000000,8,1.390625,CNTVCT ticks / dependent load
round2,round2_w33554432_s64_random_b256_seed59202_base_n1000000,9,1.36328125,CNTVCT ticks / dependent load
round2,round2_w33554432_s64_random_b256_seed59202_base_n1000000,10,1.359375,CNTVCT ticks / dependent load
round2,round2_w33554432_s64_random_b256_seed59202_huge_n1000000,1,0.984375,CNTVCT ticks / dependent load
round2,round2_w33554432_s64_random_b256_seed59202_huge_n1000000,2,0.9765625,CNTVCT ticks / dependent load
round2,round2_w33554432_s64_random_b256_seed59202_huge_n1000000,3,0.9765625,CNTVCT ticks / dependent load
round2,round2_w33554432_s64_random_b256_seed59202_huge_n1000000,4,0.97265625,CNTVCT ticks / dependent load
round2,round2_w33554432_s64_random_b256_seed59202_huge_n1000000,5,1.00390625,CNTVCT ticks / dependent load
round2,round2_w33554432_s64_random_b256_seed59202_huge_n1000000,6,1.01171875,CNTVCT ticks / dependent load
round2,round2_w33554432_s64_random_b256_seed59202_huge_n1000000,7,0.9765625,CNTVCT ticks / dependent load
round2,round2_w33554432_s64_random_b256_seed59202_huge_n1000000,8,0.98046875,CNTVCT ticks / dependent load
round2,round2_w33554432_s64_random_b256_seed59202_huge_n1000000,9,1.0078125,CNTVCT ticks / dependent load
round2,round2_w33554432_s64_random_b256_seed59202_huge_n1000000,10,0.98828125,CNTVCT ticks / dependent load
round2,round2_w33554432_s64_sequential_b256_seed59202_huge_n1000000,1,0.0546875,CNTVCT ticks / dependent load
round2,round2_w33554432_s64_sequential_b256_seed59202_huge_n1000000,2,0.0546875,CNTVCT ticks / dependent load
round2,round2_w33554432_s64_sequential_b256_seed59202_huge_n1000000,3,0.05078125,CNTVCT ticks / dependent load
round2,round2_w33554432_s64_sequential_b256_seed59202_huge_n1000000,4,0.05078125,CNTVCT ticks / dependent load
round2,round2_w33554432_s64_sequential_b256_seed59202_huge_n1000000,5,0.05078125,CNTVCT ticks / dependent load
round2,round2_w33554432_s64_sequential_b256_seed59202_huge_n1000000,6,0.05078125,CNTVCT ticks / dependent load
round2,round2_w33554432_s64_sequential_b256_seed59202_huge_n1000000,7,0.05078125,CNTVCT ticks / dependent load
round2,round2_w33554432_s64_sequential_b256_seed59202_huge_n1000000,8,0.0546875,CNTVCT ticks / dependent load
round2,round2_w33554432_s64_sequential_b256_seed59202_huge_n1000000,9,0.05078125,CNTVCT ticks / dependent load
round2,round2_w33554432_s64_sequential_b256_seed59202_huge_n1000000,10,0.05078125,CNTVCT ticks / dependent load
round2,round2_w33554432_s8_random_b256_seed59202_huge_n1000000,1,0.96875,CNTVCT ticks / dependent load
round2,round2_w33554432_s8_random_b256_seed59202_huge_n1000000,2,0.9609375,CNTVCT ticks / dependent load
round2,round2_w33554432_s8_random_b256_seed59202_huge_n1000000,3,0.9609375,CNTVCT ticks / dependent load
round2,round2_w33554432_s8_random_b256_seed59202_huge_n1000000,4,0.9609375,CNTVCT ticks / dependent load
round2,round2_w33554432_s8_random_b256_seed59202_huge_n1000000,5,0.96484375,CNTVCT ticks / dependent load
round2,round2_w33554432_s8_random_b256_seed59202_huge_n1000000,6,0.96484375,CNTVCT ticks / dependent load
round2,round2_w33554432_s8_random_b256_seed59202_huge_n1000000,7,0.9609375,CNTVCT ticks / dependent load
round2,round2_w33554432_s8_random_b256_seed59202_huge_n1000000,8,0.9609375,CNTVCT ticks / dependent load
round2,round2_w33554432_s8_random_b256_seed59202_huge_n1000000,9,0.9609375,CNTVCT ticks / dependent load
round2,round2_w33554432_s8_random_b256_seed59202_huge_n1000000,10,0.9609375,CNTVCT ticks / dependent load
round2,round2_w33554432_s8_random_b256_seed59203_huge_n1000000,1,0.95703125,CNTVCT ticks / dependent load
round2,round2_w33554432_s8_random_b256_seed59203_huge_n1000000,2,0.95703125,CNTVCT ticks / dependent load
round2,round2_w33554432_s8_random_b256_seed59203_huge_n1000000,3,0.96484375,CNTVCT ticks / dependent load
round2,round2_w33554432_s8_random_b256_seed59203_huge_n1000000,4,0.95703125,CNTVCT ticks / dependent load
round2,round2_w33554432_s8_random_b256_seed59203_huge_n1000000,5,0.9609375,CNTVCT ticks / dependent load
round2,round2_w33554432_s8_random_b256_seed59203_huge_n1000000,6,0.95703125,CNTVCT ticks / dependent load
round2,round2_w33554432_s8_random_b256_seed59203_huge_n1000000,7,0.96484375,CNTVCT ticks / dependent load
round2,round2_w33554432_s8_random_b256_seed59203_huge_n1000000,8,0.9609375,CNTVCT ticks / dependent load
round2,round2_w33554432_s8_random_b256_seed59203_huge_n1000000,9,0.96484375,CNTVCT ticks / dependent load
round2,round2_w33554432_s8_random_b256_seed59203_huge_n1000000,10,0.9609375,CNTVCT ticks / dependent load
round2,round2_w41943040_s64_random_b256_seed59202_huge_n1000000,1,1.5390625,CNTVCT ticks / dependent load
round2,round2_w41943040_s64_random_b256_seed59202_huge_n1000000,2,1.43359375,CNTVCT ticks / dependent load
round2,round2_w41943040_s64_random_b256_seed59202_huge_n1000000,3,1.41796875,CNTVCT ticks / dependent load
round2,round2_w41943040_s64_random_b256_seed59202_huge_n1000000,4,1.44140625,CNTVCT ticks / dependent load
round2,round2_w41943040_s64_random_b256_seed59202_huge_n1000000,5,1.4296875,CNTVCT ticks / dependent load
round2,round2_w41943040_s64_random_b256_seed59202_huge_n1000000,6,1.42578125,CNTVCT ticks / dependent load
round2,round2_w41943040_s64_random_b256_seed59202_huge_n1000000,7,1.41796875,CNTVCT ticks / dependent load
round2,round2_w41943040_s64_random_b256_seed59202_huge_n1000000,8,1.4296875,CNTVCT ticks / dependent load
round2,round2_w41943040_s64_random_b256_seed59202_huge_n1000000,9,1.421875,CNTVCT ticks / dependent load
round2,round2_w41943040_s64_random_b256_seed59202_huge_n1000000,10,1.42578125,CNTVCT ticks / dependent load
round2,round2_w41943040_s8_random_b256_seed59202_huge_n1000000,1,1.44140625,CNTVCT ticks / dependent load
round2,round2_w41943040_s8_random_b256_seed59202_huge_n1000000,2,1.39453125,CNTVCT ticks / dependent load
round2,round2_w41943040_s8_random_b256_seed59202_huge_n1000000,3,1.390625,CNTVCT ticks / dependent load
round2,round2_w41943040_s8_random_b256_seed59202_huge_n1000000,4,1.38671875,CNTVCT ticks / dependent load
round2,round2_w41943040_s8_random_b256_seed59202_huge_n1000000,5,1.3828125,CNTVCT ticks / dependent load
round2,round2_w41943040_s8_random_b256_seed59202_huge_n1000000,6,1.390625,CNTVCT ticks / dependent load
round2,round2_w41943040_s8_random_b256_seed59202_huge_n1000000,7,1.3828125,CNTVCT ticks / dependent load
round2,round2_w41943040_s8_random_b256_seed59202_huge_n1000000,8,1.38671875,CNTVCT ticks / dependent load
round2,round2_w41943040_s8_random_b256_seed59202_huge_n1000000,9,1.3984375,CNTVCT ticks / dependent load
round2,round2_w41943040_s8_random_b256_seed59202_huge_n1000000,10,1.38671875,CNTVCT ticks / dependent load
round2,round2_w50331648_s64_random_b256_seed59202_base_n1000000,1,1.9140625,CNTVCT ticks / dependent load
round2,round2_w50331648_s64_random_b256_seed59202_base_n1000000,2,1.9375,CNTVCT ticks / dependent load
round2,round2_w50331648_s64_random_b256_seed59202_base_n1000000,3,1.88671875,CNTVCT ticks / dependent load
round2,round2_w50331648_s64_random_b256_seed59202_base_n1000000,4,1.93359375,CNTVCT ticks / dependent load
round2,round2_w50331648_s64_random_b256_seed59202_base_n1000000,5,1.875,CNTVCT ticks / dependent load
round2,round2_w50331648_s64_random_b256_seed59202_base_n1000000,6,1.86328125,CNTVCT ticks / dependent load
round2,round2_w50331648_s64_random_b256_seed59202_base_n1000000,7,2.00390625,CNTVCT ticks / dependent load
round2,round2_w50331648_s64_random_b256_seed59202_base_n1000000,8,1.89453125,CNTVCT ticks / dependent load
round2,round2_w50331648_s64_random_b256_seed59202_base_n1000000,9,1.9609375,CNTVCT ticks / dependent load
round2,round2_w50331648_s64_random_b256_seed59202_base_n1000000,10,1.89453125,CNTVCT ticks / dependent load
round2,round2_w50331648_s64_random_b256_seed59202_huge_n1000000,1,1.78515625,CNTVCT ticks / dependent load
round2,round2_w50331648_s64_random_b256_seed59202_huge_n1000000,2,1.71484375,CNTVCT ticks / dependent load
round2,round2_w50331648_s64_random_b256_seed59202_huge_n1000000,3,1.703125,CNTVCT ticks / dependent load
round2,round2_w50331648_s64_random_b256_seed59202_huge_n1000000,4,1.7421875,CNTVCT ticks / dependent load
round2,round2_w50331648_s64_random_b256_seed59202_huge_n1000000,5,1.65625,CNTVCT ticks / dependent load
round2,round2_w50331648_s64_random_b256_seed59202_huge_n1000000,6,1.69140625,CNTVCT ticks / dependent load
round2,round2_w50331648_s64_random_b256_seed59202_huge_n1000000,7,1.71484375,CNTVCT ticks / dependent load
round2,round2_w50331648_s64_random_b256_seed59202_huge_n1000000,8,1.6875,CNTVCT ticks / dependent load
round2,round2_w50331648_s64_random_b256_seed59202_huge_n1000000,9,1.66796875,CNTVCT ticks / dependent load
round2,round2_w50331648_s64_random_b256_seed59202_huge_n1000000,10,1.66015625,CNTVCT ticks / dependent load
round2,round2_w50331648_s64_sequential_b256_seed59202_huge_n1000000,1,0.12109375,CNTVCT ticks / dependent load
round2,round2_w50331648_s64_sequential_b256_seed59202_huge_n1000000,2,0.1171875,CNTVCT ticks / dependent load
round2,round2_w50331648_s64_sequential_b256_seed59202_huge_n1000000,3,0.1171875,CNTVCT ticks / dependent load
round2,round2_w50331648_s64_sequential_b256_seed59202_huge_n1000000,4,0.1171875,CNTVCT ticks / dependent load
round2,round2_w50331648_s64_sequential_b256_seed59202_huge_n1000000,5,0.1171875,CNTVCT ticks / dependent load
round2,round2_w50331648_s64_sequential_b256_seed59202_huge_n1000000,6,0.1171875,CNTVCT ticks / dependent load
round2,round2_w50331648_s64_sequential_b256_seed59202_huge_n1000000,7,0.1171875,CNTVCT ticks / dependent load
round2,round2_w50331648_s64_sequential_b256_seed59202_huge_n1000000,8,0.1171875,CNTVCT ticks / dependent load
round2,round2_w50331648_s64_sequential_b256_seed59202_huge_n1000000,9,0.12109375,CNTVCT ticks / dependent load
round2,round2_w50331648_s64_sequential_b256_seed59202_huge_n1000000,10,0.1171875,CNTVCT ticks / dependent load
round2,round2_w50331648_s8_random_b256_seed59202_huge_n1000000,1,1.64453125,CNTVCT ticks / dependent load
round2,round2_w50331648_s8_random_b256_seed59202_huge_n1000000,2,1.64453125,CNTVCT ticks / dependent load
round2,round2_w50331648_s8_random_b256_seed59202_huge_n1000000,3,1.64453125,CNTVCT ticks / dependent load
round2,round2_w50331648_s8_random_b256_seed59202_huge_n1000000,4,1.64453125,CNTVCT ticks / dependent load
round2,round2_w50331648_s8_random_b256_seed59202_huge_n1000000,5,1.640625,CNTVCT ticks / dependent load
round2,round2_w50331648_s8_random_b256_seed59202_huge_n1000000,6,1.65234375,CNTVCT ticks / dependent load
round2,round2_w50331648_s8_random_b256_seed59202_huge_n1000000,7,1.640625,CNTVCT ticks / dependent load
round2,round2_w50331648_s8_random_b256_seed59202_huge_n1000000,8,1.640625,CNTVCT ticks / dependent load
round2,round2_w50331648_s8_random_b256_seed59202_huge_n1000000,9,1.64453125,CNTVCT ticks / dependent load
round2,round2_w50331648_s8_random_b256_seed59202_huge_n1000000,10,1.640625,CNTVCT ticks / dependent load
round2,round2_w50331648_s8_random_b256_seed59203_huge_n1000000,1,1.65234375,CNTVCT ticks / dependent load
round2,round2_w50331648_s8_random_b256_seed59203_huge_n1000000,2,1.6484375,CNTVCT ticks / dependent load
round2,round2_w50331648_s8_random_b256_seed59203_huge_n1000000,3,1.64453125,CNTVCT ticks / dependent load
round2,round2_w50331648_s8_random_b256_seed59203_huge_n1000000,4,1.66796875,CNTVCT ticks / dependent load
round2,round2_w50331648_s8_random_b256_seed59203_huge_n1000000,5,1.66015625,CNTVCT ticks / dependent load
round2,round2_w50331648_s8_random_b256_seed59203_huge_n1000000,6,1.703125,CNTVCT ticks / dependent load
round2,round2_w50331648_s8_random_b256_seed59203_huge_n1000000,7,1.6484375,CNTVCT ticks / dependent load
round2,round2_w50331648_s8_random_b256_seed59203_huge_n1000000,8,1.6484375,CNTVCT ticks / dependent load
round2,round2_w50331648_s8_random_b256_seed59203_huge_n1000000,9,1.64453125,CNTVCT ticks / dependent load
round2,round2_w50331648_s8_random_b256_seed59203_huge_n1000000,10,1.6484375,CNTVCT ticks / dependent load
round2,round2_w58720256_s64_random_b256_seed59202_huge_n1000000,1,1.8203125,CNTVCT ticks / dependent load
round2,round2_w58720256_s64_random_b256_seed59202_huge_n1000000,2,1.80078125,CNTVCT ticks / dependent load
round2,round2_w58720256_s64_random_b256_seed59202_huge_n1000000,3,1.8203125,CNTVCT ticks / dependent load
round2,round2_w58720256_s64_random_b256_seed59202_huge_n1000000,4,1.8125,CNTVCT ticks / dependent load
round2,round2_w58720256_s64_random_b256_seed59202_huge_n1000000,5,1.86328125,CNTVCT ticks / dependent load
round2,round2_w58720256_s64_random_b256_seed59202_huge_n1000000,6,1.84375,CNTVCT ticks / dependent load
round2,round2_w58720256_s64_random_b256_seed59202_huge_n1000000,7,1.8046875,CNTVCT ticks / dependent load
round2,round2_w58720256_s64_random_b256_seed59202_huge_n1000000,8,1.80859375,CNTVCT ticks / dependent load
round2,round2_w58720256_s64_random_b256_seed59202_huge_n1000000,9,1.80078125,CNTVCT ticks / dependent load
round2,round2_w58720256_s64_random_b256_seed59202_huge_n1000000,10,1.80078125,CNTVCT ticks / dependent load
round2,round2_w58720256_s8_random_b256_seed59202_huge_n1000000,1,1.78515625,CNTVCT ticks / dependent load
round2,round2_w58720256_s8_random_b256_seed59202_huge_n1000000,2,1.7890625,CNTVCT ticks / dependent load
round2,round2_w58720256_s8_random_b256_seed59202_huge_n1000000,3,1.80078125,CNTVCT ticks / dependent load
round2,round2_w58720256_s8_random_b256_seed59202_huge_n1000000,4,1.79296875,CNTVCT ticks / dependent load
round2,round2_w58720256_s8_random_b256_seed59202_huge_n1000000,5,1.78125,CNTVCT ticks / dependent load
round2,round2_w58720256_s8_random_b256_seed59202_huge_n1000000,6,1.78125,CNTVCT ticks / dependent load
round2,round2_w58720256_s8_random_b256_seed59202_huge_n1000000,7,1.78125,CNTVCT ticks / dependent load
round2,round2_w58720256_s8_random_b256_seed59202_huge_n1000000,8,1.78125,CNTVCT ticks / dependent load
round2,round2_w58720256_s8_random_b256_seed59202_huge_n1000000,9,1.78125,CNTVCT ticks / dependent load
round2,round2_w58720256_s8_random_b256_seed59202_huge_n1000000,10,1.78515625,CNTVCT ticks / dependent load
round2,round2_w65536_s64_random_b1024_seed59202_huge_n1000000,1,0.0361328125,CNTVCT ticks / dependent load
round2,round2_w65536_s64_random_b1024_seed59202_huge_n1000000,2,0.0361328125,CNTVCT ticks / dependent load
round2,round2_w65536_s64_random_b1024_seed59202_huge_n1000000,3,0.0361328125,CNTVCT ticks / dependent load
round2,round2_w65536_s64_random_b1024_seed59202_huge_n1000000,4,0.0361328125,CNTVCT ticks / dependent load
round2,round2_w65536_s64_random_b1024_seed59202_huge_n1000000,5,0.0361328125,CNTVCT ticks / dependent load
round2,round2_w65536_s64_random_b1024_seed59202_huge_n1000000,6,0.0361328125,CNTVCT ticks / dependent load
round2,round2_w65536_s64_random_b1024_seed59202_huge_n1000000,7,0.0361328125,CNTVCT ticks / dependent load
round2,round2_w65536_s64_random_b1024_seed59202_huge_n1000000,8,0.0361328125,CNTVCT ticks / dependent load
round2,round2_w65536_s64_random_b1024_seed59202_huge_n1000000,9,0.0361328125,CNTVCT ticks / dependent load
round2,round2_w65536_s64_random_b1024_seed59202_huge_n1000000,10,0.0361328125,CNTVCT ticks / dependent load
round2,round2_w65536_s64_random_b256_seed59202_huge_n1000000,1,0.04296875,CNTVCT ticks / dependent load
round2,round2_w65536_s64_random_b256_seed59202_huge_n1000000,2,0.0390625,CNTVCT ticks / dependent load
round2,round2_w65536_s64_random_b256_seed59202_huge_n1000000,3,0.0390625,CNTVCT ticks / dependent load
round2,round2_w65536_s64_random_b256_seed59202_huge_n1000000,4,0.0390625,CNTVCT ticks / dependent load
round2,round2_w65536_s64_random_b256_seed59202_huge_n1000000,5,0.0390625,CNTVCT ticks / dependent load
round2,round2_w65536_s64_random_b256_seed59202_huge_n1000000,6,0.0390625,CNTVCT ticks / dependent load
round2,round2_w65536_s64_random_b256_seed59202_huge_n1000000,7,0.0390625,CNTVCT ticks / dependent load
round2,round2_w65536_s64_random_b256_seed59202_huge_n1000000,8,0.0390625,CNTVCT ticks / dependent load
round2,round2_w65536_s64_random_b256_seed59202_huge_n1000000,9,0.0390625,CNTVCT ticks / dependent load
round2,round2_w65536_s64_random_b256_seed59202_huge_n1000000,10,0.0390625,CNTVCT ticks / dependent load
round2,round2_w65536_s64_random_b256_seed59203_huge_n1000000,1,0.04296875,CNTVCT ticks / dependent load
round2,round2_w65536_s64_random_b256_seed59203_huge_n1000000,2,0.0390625,CNTVCT ticks / dependent load
round2,round2_w65536_s64_random_b256_seed59203_huge_n1000000,3,0.0390625,CNTVCT ticks / dependent load
round2,round2_w65536_s64_random_b256_seed59203_huge_n1000000,4,0.0390625,CNTVCT ticks / dependent load
round2,round2_w65536_s64_random_b256_seed59203_huge_n1000000,5,0.0390625,CNTVCT ticks / dependent load
round2,round2_w65536_s64_random_b256_seed59203_huge_n1000000,6,0.0390625,CNTVCT ticks / dependent load
round2,round2_w65536_s64_random_b256_seed59203_huge_n1000000,7,0.0390625,CNTVCT ticks / dependent load
round2,round2_w65536_s64_random_b256_seed59203_huge_n1000000,8,0.0390625,CNTVCT ticks / dependent load
round2,round2_w65536_s64_random_b256_seed59203_huge_n1000000,9,0.0390625,CNTVCT ticks / dependent load
round2,round2_w65536_s64_random_b256_seed59203_huge_n1000000,10,0.0390625,CNTVCT ticks / dependent load
round2,round2_w65536_s64_sequential_b256_seed59202_huge_n1000000,1,0.04296875,CNTVCT ticks / dependent load
round2,round2_w65536_s64_sequential_b256_seed59202_huge_n1000000,2,0.0390625,CNTVCT ticks / dependent load
round2,round2_w65536_s64_sequential_b256_seed59202_huge_n1000000,3,0.0390625,CNTVCT ticks / dependent load
round2,round2_w65536_s64_sequential_b256_seed59202_huge_n1000000,4,0.0390625,CNTVCT ticks / dependent load
round2,round2_w65536_s64_sequential_b256_seed59202_huge_n1000000,5,0.0390625,CNTVCT ticks / dependent load
round2,round2_w65536_s64_sequential_b256_seed59202_huge_n1000000,6,0.0390625,CNTVCT ticks / dependent load
round2,round2_w65536_s64_sequential_b256_seed59202_huge_n1000000,7,0.0390625,CNTVCT ticks / dependent load
round2,round2_w65536_s64_sequential_b256_seed59202_huge_n1000000,8,0.0390625,CNTVCT ticks / dependent load
round2,round2_w65536_s64_sequential_b256_seed59202_huge_n1000000,9,0.0390625,CNTVCT ticks / dependent load
round2,round2_w65536_s64_sequential_b256_seed59202_huge_n1000000,10,0.0390625,CNTVCT ticks / dependent load
round2,round2_w65536_s8_random_b256_seed59202_huge_n1000000,1,0.04296875,CNTVCT ticks / dependent load
round2,round2_w65536_s8_random_b256_seed59202_huge_n1000000,2,0.0390625,CNTVCT ticks / dependent load
round2,round2_w65536_s8_random_b256_seed59202_huge_n1000000,3,0.0390625,CNTVCT ticks / dependent load
round2,round2_w65536_s8_random_b256_seed59202_huge_n1000000,4,0.0390625,CNTVCT ticks / dependent load
round2,round2_w65536_s8_random_b256_seed59202_huge_n1000000,5,0.0390625,CNTVCT ticks / dependent load
round2,round2_w65536_s8_random_b256_seed59202_huge_n1000000,6,0.0390625,CNTVCT ticks / dependent load
round2,round2_w65536_s8_random_b256_seed59202_huge_n1000000,7,0.0390625,CNTVCT ticks / dependent load
round2,round2_w65536_s8_random_b256_seed59202_huge_n1000000,8,0.0390625,CNTVCT ticks / dependent load
round2,round2_w65536_s8_random_b256_seed59202_huge_n1000000,9,0.0390625,CNTVCT ticks / dependent load
round2,round2_w65536_s8_random_b256_seed59202_huge_n1000000,10,0.0390625,CNTVCT ticks / dependent load
round2,round2_w67108864_s64_random_b256_seed59202_base_n1000000,1,2.125,CNTVCT ticks / dependent load
round2,round2_w67108864_s64_random_b256_seed59202_base_n1000000,2,2.09765625,CNTVCT ticks / dependent load
round2,round2_w67108864_s64_random_b256_seed59202_base_n1000000,3,2.09765625,CNTVCT ticks / dependent load
round2,round2_w67108864_s64_random_b256_seed59202_base_n1000000,4,2.12109375,CNTVCT ticks / dependent load
round2,round2_w67108864_s64_random_b256_seed59202_base_n1000000,5,2.17578125,CNTVCT ticks / dependent load
round2,round2_w67108864_s64_random_b256_seed59202_base_n1000000,6,2.09375,CNTVCT ticks / dependent load
round2,round2_w67108864_s64_random_b256_seed59202_base_n1000000,7,2.08984375,CNTVCT ticks / dependent load
round2,round2_w67108864_s64_random_b256_seed59202_base_n1000000,8,2.1171875,CNTVCT ticks / dependent load
round2,round2_w67108864_s64_random_b256_seed59202_base_n1000000,9,2.09765625,CNTVCT ticks / dependent load
round2,round2_w67108864_s64_random_b256_seed59202_base_n1000000,10,2.15625,CNTVCT ticks / dependent load
round2,round2_w67108864_s64_random_b256_seed59202_huge_n1000000,1,1.8828125,CNTVCT ticks / dependent load
round2,round2_w67108864_s64_random_b256_seed59202_huge_n1000000,2,1.8671875,CNTVCT ticks / dependent load
round2,round2_w67108864_s64_random_b256_seed59202_huge_n1000000,3,1.86328125,CNTVCT ticks / dependent load
round2,round2_w67108864_s64_random_b256_seed59202_huge_n1000000,4,1.86328125,CNTVCT ticks / dependent load
round2,round2_w67108864_s64_random_b256_seed59202_huge_n1000000,5,1.86328125,CNTVCT ticks / dependent load
round2,round2_w67108864_s64_random_b256_seed59202_huge_n1000000,6,1.921875,CNTVCT ticks / dependent load
round2,round2_w67108864_s64_random_b256_seed59202_huge_n1000000,7,1.921875,CNTVCT ticks / dependent load
round2,round2_w67108864_s64_random_b256_seed59202_huge_n1000000,8,1.86328125,CNTVCT ticks / dependent load
round2,round2_w67108864_s64_random_b256_seed59202_huge_n1000000,9,1.86328125,CNTVCT ticks / dependent load
round2,round2_w67108864_s64_random_b256_seed59202_huge_n1000000,10,1.86328125,CNTVCT ticks / dependent load
round2,round2_w67108864_s64_sequential_b256_seed59202_huge_n1000000,1,0.125,CNTVCT ticks / dependent load
round2,round2_w67108864_s64_sequential_b256_seed59202_huge_n1000000,2,0.125,CNTVCT ticks / dependent load
round2,round2_w67108864_s64_sequential_b256_seed59202_huge_n1000000,3,0.125,CNTVCT ticks / dependent load
round2,round2_w67108864_s64_sequential_b256_seed59202_huge_n1000000,4,0.125,CNTVCT ticks / dependent load
round2,round2_w67108864_s64_sequential_b256_seed59202_huge_n1000000,5,0.125,CNTVCT ticks / dependent load
round2,round2_w67108864_s64_sequential_b256_seed59202_huge_n1000000,6,0.125,CNTVCT ticks / dependent load
round2,round2_w67108864_s64_sequential_b256_seed59202_huge_n1000000,7,0.125,CNTVCT ticks / dependent load
round2,round2_w67108864_s64_sequential_b256_seed59202_huge_n1000000,8,0.125,CNTVCT ticks / dependent load
round2,round2_w67108864_s64_sequential_b256_seed59202_huge_n1000000,9,0.125,CNTVCT ticks / dependent load
round2,round2_w67108864_s64_sequential_b256_seed59202_huge_n1000000,10,0.125,CNTVCT ticks / dependent load
round2,round2_w67108864_s8_random_b256_seed59202_huge_n1000000,1,1.83984375,CNTVCT ticks / dependent load
round2,round2_w67108864_s8_random_b256_seed59202_huge_n1000000,2,1.8359375,CNTVCT ticks / dependent load
round2,round2_w67108864_s8_random_b256_seed59202_huge_n1000000,3,1.8359375,CNTVCT ticks / dependent load
round2,round2_w67108864_s8_random_b256_seed59202_huge_n1000000,4,1.83984375,CNTVCT ticks / dependent load
round2,round2_w67108864_s8_random_b256_seed59202_huge_n1000000,5,1.83984375,CNTVCT ticks / dependent load
round2,round2_w67108864_s8_random_b256_seed59202_huge_n1000000,6,1.83984375,CNTVCT ticks / dependent load
round2,round2_w67108864_s8_random_b256_seed59202_huge_n1000000,7,1.83984375,CNTVCT ticks / dependent load
round2,round2_w67108864_s8_random_b256_seed59202_huge_n1000000,8,1.83984375,CNTVCT ticks / dependent load
round2,round2_w67108864_s8_random_b256_seed59202_huge_n1000000,9,1.83984375,CNTVCT ticks / dependent load
round2,round2_w67108864_s8_random_b256_seed59202_huge_n1000000,10,1.84375,CNTVCT ticks / dependent load
round2,round2_w67108864_s8_random_b256_seed59203_huge_n1000000,1,1.83984375,CNTVCT ticks / dependent load
round2,round2_w67108864_s8_random_b256_seed59203_huge_n1000000,2,1.83984375,CNTVCT ticks / dependent load
round2,round2_w67108864_s8_random_b256_seed59203_huge_n1000000,3,1.83984375,CNTVCT ticks / dependent load
round2,round2_w67108864_s8_random_b256_seed59203_huge_n1000000,4,1.84765625,CNTVCT ticks / dependent load
round2,round2_w67108864_s8_random_b256_seed59203_huge_n1000000,5,1.8359375,CNTVCT ticks / dependent load
round2,round2_w67108864_s8_random_b256_seed59203_huge_n1000000,6,1.83984375,CNTVCT ticks / dependent load
round2,round2_w67108864_s8_random_b256_seed59203_huge_n1000000,7,1.83984375,CNTVCT ticks / dependent load
round2,round2_w67108864_s8_random_b256_seed59203_huge_n1000000,8,1.8359375,CNTVCT ticks / dependent load
round2,round2_w67108864_s8_random_b256_seed59203_huge_n1000000,9,1.83984375,CNTVCT ticks / dependent load
round2,round2_w67108864_s8_random_b256_seed59203_huge_n1000000,10,1.8359375,CNTVCT ticks / dependent load
round2,round2_w73728_s64_random_b256_seed59202_huge_n1000000,1,0.08203125,CNTVCT ticks / dependent load
round2,round2_w73728_s64_random_b256_seed59202_huge_n1000000,2,0.078125,CNTVCT ticks / dependent load
round2,round2_w73728_s64_random_b256_seed59202_huge_n1000000,3,0.078125,CNTVCT ticks / dependent load
round2,round2_w73728_s64_random_b256_seed59202_huge_n1000000,4,0.078125,CNTVCT ticks / dependent load
round2,round2_w73728_s64_random_b256_seed59202_huge_n1000000,5,0.078125,CNTVCT ticks / dependent load
round2,round2_w73728_s64_random_b256_seed59202_huge_n1000000,6,0.078125,CNTVCT ticks / dependent load
round2,round2_w73728_s64_random_b256_seed59202_huge_n1000000,7,0.078125,CNTVCT ticks / dependent load
round2,round2_w73728_s64_random_b256_seed59202_huge_n1000000,8,0.078125,CNTVCT ticks / dependent load
round2,round2_w73728_s64_random_b256_seed59202_huge_n1000000,9,0.078125,CNTVCT ticks / dependent load
round2,round2_w73728_s64_random_b256_seed59202_huge_n1000000,10,0.078125,CNTVCT ticks / dependent load
round2,round2_w81920_s64_random_b256_seed59202_huge_n1000000,1,0.1171875,CNTVCT ticks / dependent load
round2,round2_w81920_s64_random_b256_seed59202_huge_n1000000,2,0.11328125,CNTVCT ticks / dependent load
round2,round2_w81920_s64_random_b256_seed59202_huge_n1000000,3,0.11328125,CNTVCT ticks / dependent load
round2,round2_w81920_s64_random_b256_seed59202_huge_n1000000,4,0.1171875,CNTVCT ticks / dependent load
round2,round2_w81920_s64_random_b256_seed59202_huge_n1000000,5,0.11328125,CNTVCT ticks / dependent load
round2,round2_w81920_s64_random_b256_seed59202_huge_n1000000,6,0.11328125,CNTVCT ticks / dependent load
round2,round2_w81920_s64_random_b256_seed59202_huge_n1000000,7,0.11328125,CNTVCT ticks / dependent load
round2,round2_w81920_s64_random_b256_seed59202_huge_n1000000,8,0.11328125,CNTVCT ticks / dependent load
round2,round2_w81920_s64_random_b256_seed59202_huge_n1000000,9,0.11328125,CNTVCT ticks / dependent load
round2,round2_w81920_s64_random_b256_seed59202_huge_n1000000,10,0.11328125,CNTVCT ticks / dependent load
round2,round2_w90112_s64_random_b256_seed59202_huge_n1000000,1,0.1171875,CNTVCT ticks / dependent load
round2,round2_w90112_s64_random_b256_seed59202_huge_n1000000,2,0.1171875,CNTVCT ticks / dependent load
round2,round2_w90112_s64_random_b256_seed59202_huge_n1000000,3,0.1171875,CNTVCT ticks / dependent load
round2,round2_w90112_s64_random_b256_seed59202_huge_n1000000,4,0.1171875,CNTVCT ticks / dependent load
round2,round2_w90112_s64_random_b256_seed59202_huge_n1000000,5,0.1171875,CNTVCT ticks / dependent load
round2,round2_w90112_s64_random_b256_seed59202_huge_n1000000,6,0.1171875,CNTVCT ticks / dependent load
round2,round2_w90112_s64_random_b256_seed59202_huge_n1000000,7,0.1171875,CNTVCT ticks / dependent load
round2,round2_w90112_s64_random_b256_seed59202_huge_n1000000,8,0.1171875,CNTVCT ticks / dependent load
round2,round2_w90112_s64_random_b256_seed59202_huge_n1000000,9,0.1171875,CNTVCT ticks / dependent load
round2,round2_w90112_s64_random_b256_seed59202_huge_n1000000,10,0.1171875,CNTVCT ticks / dependent load
round2,round2_w98304_s64_random_b256_seed59202_huge_n1000000,1,0.1171875,CNTVCT ticks / dependent load
round2,round2_w98304_s64_random_b256_seed59202_huge_n1000000,2,0.1171875,CNTVCT ticks / dependent load
round2,round2_w98304_s64_random_b256_seed59202_huge_n1000000,3,0.1171875,CNTVCT ticks / dependent load
round2,round2_w98304_s64_random_b256_seed59202_huge_n1000000,4,0.1171875,CNTVCT ticks / dependent load
round2,round2_w98304_s64_random_b256_seed59202_huge_n1000000,5,0.1171875,CNTVCT ticks / dependent load
round2,round2_w98304_s64_random_b256_seed59202_huge_n1000000,6,0.1171875,CNTVCT ticks / dependent load
round2,round2_w98304_s64_random_b256_seed59202_huge_n1000000,7,0.1171875,CNTVCT ticks / dependent load
round2,round2_w98304_s64_random_b256_seed59202_huge_n1000000,8,0.1171875,CNTVCT ticks / dependent load
round2,round2_w98304_s64_random_b256_seed59202_huge_n1000000,9,0.1171875,CNTVCT ticks / dependent load
round2,round2_w98304_s64_random_b256_seed59202_huge_n1000000,10,0.1171875,CNTVCT ticks / dependent load
round2,round2_w98304_s64_random_b256_seed59203_huge_n1000000,1,0.1171875,CNTVCT ticks / dependent load
round2,round2_w98304_s64_random_b256_seed59203_huge_n1000000,2,0.1171875,CNTVCT ticks / dependent load
round2,round2_w98304_s64_random_b256_seed59203_huge_n1000000,3,0.1171875,CNTVCT ticks / dependent load
round2,round2_w98304_s64_random_b256_seed59203_huge_n1000000,4,0.1171875,CNTVCT ticks / dependent load
round2,round2_w98304_s64_random_b256_seed59203_huge_n1000000,5,0.1171875,CNTVCT ticks / dependent load
round2,round2_w98304_s64_random_b256_seed59203_huge_n1000000,6,0.1171875,CNTVCT ticks / dependent load
round2,round2_w98304_s64_random_b256_seed59203_huge_n1000000,7,0.1171875,CNTVCT ticks / dependent load
round2,round2_w98304_s64_random_b256_seed59203_huge_n1000000,8,0.1171875,CNTVCT ticks / dependent load
round2,round2_w98304_s64_random_b256_seed59203_huge_n1000000,9,0.1171875,CNTVCT ticks / dependent load
round2,round2_w98304_s64_random_b256_seed59203_huge_n1000000,10,0.1171875,CNTVCT ticks / dependent load
round2,round2_w98304_s64_sequential_b256_seed59202_huge_n1000000,1,0.046875,CNTVCT ticks / dependent load
round2,round2_w98304_s64_sequential_b256_seed59202_huge_n1000000,2,0.0390625,CNTVCT ticks / dependent load
round2,round2_w98304_s64_sequential_b256_seed59202_huge_n1000000,3,0.0390625,CNTVCT ticks / dependent load
round2,round2_w98304_s64_sequential_b256_seed59202_huge_n1000000,4,0.0390625,CNTVCT ticks / dependent load
round2,round2_w98304_s64_sequential_b256_seed59202_huge_n1000000,5,0.0390625,CNTVCT ticks / dependent load
round2,round2_w98304_s64_sequential_b256_seed59202_huge_n1000000,6,0.0390625,CNTVCT ticks / dependent load
round2,round2_w98304_s64_sequential_b256_seed59202_huge_n1000000,7,0.0390625,CNTVCT ticks / dependent load
round2,round2_w98304_s64_sequential_b256_seed59202_huge_n1000000,8,0.0390625,CNTVCT ticks / dependent load
round2,round2_w98304_s64_sequential_b256_seed59202_huge_n1000000,9,0.0390625,CNTVCT ticks / dependent load
round2,round2_w98304_s64_sequential_b256_seed59202_huge_n1000000,10,0.0390625,CNTVCT ticks / dependent load
round2,round2_w98304_s8_random_b256_seed59202_huge_n1000000,1,0.06640625,CNTVCT ticks / dependent load
round2,round2_w98304_s8_random_b256_seed59202_huge_n1000000,2,0.06640625,CNTVCT ticks / dependent load
round2,round2_w98304_s8_random_b256_seed59202_huge_n1000000,3,0.06640625,CNTVCT ticks / dependent load
round2,round2_w98304_s8_random_b256_seed59202_huge_n1000000,4,0.06640625,CNTVCT ticks / dependent load
round2,round2_w98304_s8_random_b256_seed59202_huge_n1000000,5,0.06640625,CNTVCT ticks / dependent load
round2,round2_w98304_s8_random_b256_seed59202_huge_n1000000,6,0.06640625,CNTVCT ticks / dependent load
round2,round2_w98304_s8_random_b256_seed59202_huge_n1000000,7,0.06640625,CNTVCT ticks / dependent load
round2,round2_w98304_s8_random_b256_seed59202_huge_n1000000,8,0.06640625,CNTVCT ticks / dependent load
round2,round2_w98304_s8_random_b256_seed59202_huge_n1000000,9,0.06640625,CNTVCT ticks / dependent load
round2,round2_w98304_s8_random_b256_seed59202_huge_n1000000,10,0.06640625,CNTVCT ticks / dependent load
