name,intended_destination,first_median,first_p05,first_p95,reread_median,reference_name,reference_median,difference_of_medians,paired_first_minus_reread_median,first_slower_fraction,units
l1_miss__alternate,L2 candidate,7.9453125,7.7734375,8.14453125,2.921875,l1_hit__primary,2.73046875,5.21484375,4.984375,0.999574,TSC ticks / dependent load
l1_miss__primary,L2 candidate,7.94921875,7.7734375,8.15234375,2.73046875,l1_hit__primary,2.73046875,5.21875,5.140625,0.999585,TSC ticks / dependent load
l1_miss__repeat,L2 candidate,7.80078125,7.7734375,7.97265625,2.67578125,l1_hit__primary,2.73046875,5.0703125,5.12109375,0.999595,TSC ticks / dependent load
l2_miss__alternate,LLC candidate,27.16015625,26.55078125,27.81640625,2.953125,l2_hit__primary,7.796875,19.36328125,24.203125,0.999825,TSC ticks / dependent load
l2_miss__primary,LLC candidate,26.3125,25.3203125,27.52734375,3.0,l2_hit__primary,7.796875,18.515625,23.29296875,0.999627,TSC ticks / dependent load
l2_miss__repeat,LLC candidate,25.8359375,25.09375,26.72265625,3.03515625,l2_hit__primary,7.796875,18.0390625,22.80859375,0.999822,TSC ticks / dependent load
llc_miss__alternate,Memory candidate,206.49609375,201.4765625,213.65234375,8.578125,llc_hit__primary,26.203125,180.29296875,197.91015625,0.99995,TSC ticks / dependent load
llc_miss__primary,Memory candidate,205.25,200.0625,211.21875,7.30859375,llc_hit__primary,26.203125,179.046875,197.92578125,0.999978,TSC ticks / dependent load
llc_miss__repeat,Memory candidate,205.2578125,200.05078125,211.5546875,7.31640625,llc_hit__primary,26.203125,179.0546875,197.92578125,0.999959,TSC ticks / dependent load
