name,group,stride,alignment,mode,seed,n,mean,std,median,q1,q3,p05,p95,p99,minimum,maximum,outliers,whisker_low,whisker_high,timed_loads_per_batch,counted_chain_loads,legacy_median,baseline_median,units,minor_faults,major_faults,voluntary_switches,involuntary_switches,l1_misses_per_1000_chain_loads,l2_misses_per_1000_chain_loads,l3_misses_per_1000_chain_loads,all_loads_per_1000_chain_loads
random_s64_a16,random_alignment16,64,16,random_lines,711,1000000,14.63119497265625,4.290625242084454,14.388671875,14.232421875,14.56640625,14.05078125,14.890625,19.431640625,13.583984375,1550.408203125,32164,13.732421875,15.06640625,1024,1024000000,14.388671875,14.375,TSC ticks / timed chain load,0,0,0,1,318.465072265625,54.25412890625,0.000173828125,5024.74899609375
random_s96_a0,random_alignment0,96,0,random_lines,711,1000000,15.199907923828125,2.3981950104031315,14.9609375,14.78125,15.2265625,14.580078125,15.5390625,21.45703125,14.107421875,141.361328125,25542,14.123046875,15.89453125,1024,1024000000,14.9609375,17.048828125,TSC ticks / timed chain load,0,0,0,3,472.4606513671875,68.0318251953125,0.0001015625,5025.0849111328125
random_s64_a0,random_alignment0,64,0,random_lines,711,1000000,15.388828546875,2.4158909095728784,15.15234375,14.98046875,15.3359375,14.744140625,15.70703125,20.529296875,14.21484375,105.55859375,41427,14.447265625,15.869140625,1024,1024000000,15.15234375,14.87109375,TSC ticks / timed chain load,0,0,0,3,318.8768564453125,77.345294921875,0.0002607421875,5022.0404775390625
random_s56_a16,random_alignment16,56,16,random_lines,711,1000000,12.433435140625,2.56311412346626,12.2890625,12.00390625,12.513671875,11.78515625,13.12109375,16.087890625,11.3515625,1359.029296875,29356,11.3515625,13.27734375,1024,1024000000,12.2890625,12.916015625,TSC ticks / timed chain load,16,0,15,3,237.5198505859375,26.419076171875,4.98046875e-05,5024.077643554688
fully_random_s64,fully_random_control,64,0,fully_random,721,1000000,23.3207160078125,2.5563986242513,23.021484375,22.806640625,23.298828125,22.5390625,23.7734375,32.017578125,21.666015625,148.5546875,31314,22.068359375,24.037109375,1024,1024000000,23.021484375,21.03515625,TSC ticks / timed chain load,0,0,0,3,983.016830078125,404.287810546875,0.000150390625,5023.725470703125
sequential_s72,sequential_control,72,0,sequential_lines,731,1000000,12.914229017578124,3.8586668082689903,12.75,12.669921875,12.828125,12.556640625,12.9921875,14.8671875,12.248046875,1411.619140625,43263,12.43359375,13.064453125,1024,1024000000,12.75,12.6953125,TSC ticks / timed chain load,0,0,0,2,51.9515322265625,11.014037109375,3.22265625e-05,5025.563256835938
sequential_s64,sequential_control,64,0,sequential_lines,731,1000000,12.4392968671875,1.5857695723129537,12.373046875,12.265625,12.4375,12.08203125,12.568359375,13.738300781250018,11.865234375,100.609375,36960,12.0078125,12.6953125,1024,1024000000,12.373046875,12.451171875,TSC ticks / timed chain load,0,0,0,3,33.3792578125,7.5633720703125,1.5625e-05,5025.8258125
random_s72_a0,random_alignment0,72,0,random_lines,711,1000000,15.351755509765624,2.288272652064248,15.14453125,14.955078125,15.384765625,14.693359375,15.80078125,19.76171875,14.072265625,132.16015625,27612,14.310546875,16.029296875,1024,1024000000,15.14453125,14.822265625,TSC ticks / timed chain load,0,0,0,4,341.687744140625,67.207328125,4.98046875e-05,5025.105155273437
random_s56_a0,random_alignment0,56,0,random_lines,711,1000000,13.46861355078125,2.5856759464538186,13.23046875,13.037109375,13.412109375,12.78125,13.841796875,17.943359375,12.2421875,115.873046875,43368,12.474609375,13.974609375,1024,1024000000,13.23046875,13.076171875,TSC ticks / timed chain load,0,0,0,2,228.6293046875,50.5983701171875,8.88671875e-05,5022.205051757813
random_s32_a0,random_alignment0,32,0,random_lines,701,1000000,9.521303978515625,1.92549893812415,9.21484375,9.072265625,9.369140625,8.94921875,10.869140625,11.908203125,8.69140625,78.9921875,166702,8.69140625,9.814453125,1024,1024000000,9.21484375,9.51953125,TSC ticks / timed chain load,0,0,0,1,100.3451748046875,19.3118056640625,4.58984375e-05,5024.741166015625
random_s72_a16,random_alignment16,72,16,random_lines,711,1000000,14.90259606640625,1.9227348452998059,14.744140625,14.552734375,14.9609375,14.298828125,15.359375,18.52734375,13.7578125,248.134765625,28600,13.94140625,15.572265625,1024,1024000000,14.744140625,14.4375,TSC ticks / timed chain load,9,0,8,3,346.886703125,60.2760263671875,0.0002470703125,5025.470743164063
sequential_s56,sequential_control,56,0,sequential_lines,731,1000000,9.7796476953125,1.8009838521043369,9.689453125,9.57421875,9.818359375,9.42578125,10.04296875,10.681640625,8.865234375,992.62109375,22022,9.208984375,10.18359375,1024,1024000000,9.689453125,9.544921875,TSC ticks / timed chain load,0,0,0,1,27.3547119140625,6.8900478515625,1.07421875e-05,5026.28884375
