name,event,raw_config,count,counted_chain_loads,per_1000_chain_loads,time_enabled_ns,time_running_ns
random_s64_a16,ls_mab_alloc.loads,0x0141,2300880,1024000000,2.246953125,4005240294,4005240294
random_s64_a16,l2_cache_req_stat.ls_rd_blk_c,0x0864,48760775,1024000000,47.6179443359375,4005240294,4005240294
random_s64_a16,ls_refills_from_sys.ls_mabresp_lcl_dram,0x0843,54,1024000000,5.2734375e-05,4005240294,4005240294
random_s64_a16,ls_dispatch.ld_dispatch,0x0129,4153980920,1024000000,4056.6219921875,4005240294,4005240294
random_s96_a0,ls_mab_alloc.loads,0x0141,2230774,1024000000,2.178490234375,4729524076,4729524076
random_s96_a0,l2_cache_req_stat.ls_rd_blk_c,0x0864,51887249,1024000000,50.6711416015625,4729524076,4729524076
random_s96_a0,ls_refills_from_sys.ls_mabresp_lcl_dram,0x0843,60,1024000000,5.859375e-05,4729524076,4729524076
random_s96_a0,ls_dispatch.ld_dispatch,0x0129,4163717747,1024000000,4066.1306123046875,4729524076,4729524076
random_s64_a0,ls_mab_alloc.loads,0x0141,32844,1024000000,0.03207421875,3931556717,3931556717
random_s64_a0,l2_cache_req_stat.ls_rd_blk_c,0x0864,51544778,1024000000,50.336697265625,3931556717,3931556717
random_s64_a0,ls_refills_from_sys.ls_mabresp_lcl_dram,0x0843,16,1024000000,1.5625e-05,3931556717,3931556717
random_s64_a0,ls_dispatch.ld_dispatch,0x0129,4155149214,1024000000,4057.762904296875,3931556717,3931556717
random_s56_a16,ls_mab_alloc.loads,0x0141,42307,1024000000,0.0413154296875,3790445033,3790445033
random_s56_a16,l2_cache_req_stat.ls_rd_blk_c,0x0864,970015,1024000000,0.9472802734375,3790445033,3790445033
random_s56_a16,ls_refills_from_sys.ls_mabresp_lcl_dram,0x0843,27,1024000000,2.63671875e-05,3790445033,3790445033
random_s56_a16,ls_dispatch.ld_dispatch,0x0129,4154480381,1024000000,4057.1097470703126,3790445033,3790445033
fully_random_s64,ls_mab_alloc.loads,0x0141,74854,1024000000,0.073099609375,5559915598,5559915598
fully_random_s64,l2_cache_req_stat.ls_rd_blk_c,0x0864,49806490,1024000000,48.639150390625,5559915598,5559915598
fully_random_s64,ls_refills_from_sys.ls_mabresp_lcl_dram,0x0843,390,1024000000,0.000380859375,5559915598,5559915598
fully_random_s64,ls_dispatch.ld_dispatch,0x0129,4151903819,1024000000,4054.5935732421876,5559915598,5559915598
sequential_s72,ls_mab_alloc.loads,0x0141,287338,1024000000,0.280603515625,3162468026,3162468026
sequential_s72,l2_cache_req_stat.ls_rd_blk_c,0x0864,118154,1024000000,0.115384765625,3162468026,3162468026
sequential_s72,ls_refills_from_sys.ls_mabresp_lcl_dram,0x0843,0,1024000000,0.0,3162468026,3162468026
sequential_s72,ls_dispatch.ld_dispatch,0x0129,4155576754,1024000000,4058.180423828125,3162468026,3162468026
sequential_s64,ls_mab_alloc.loads,0x0141,1796975,1024000000,1.7548583984375,3040634506,3040634506
sequential_s64,l2_cache_req_stat.ls_rd_blk_c,0x0864,105554,1024000000,0.103080078125,3040634506,3040634506
sequential_s64,ls_refills_from_sys.ls_mabresp_lcl_dram,0x0843,1,1024000000,9.765625e-07,3040634506,3040634506
sequential_s64,ls_dispatch.ld_dispatch,0x0129,4155615413,1024000000,4058.2181767578127,3040634506,3040634506
random_s72_a0,ls_mab_alloc.loads,0x0141,2176166,1024000000,2.125162109375,3988010876,3988010876
random_s72_a0,l2_cache_req_stat.ls_rd_blk_c,0x0864,676388,1024000000,0.66053515625,3988010876,3988010876
random_s72_a0,ls_refills_from_sys.ls_mabresp_lcl_dram,0x0843,34,1024000000,3.3203125e-05,3988010876,3988010876
random_s72_a0,ls_dispatch.ld_dispatch,0x0129,4153900704,1024000000,4056.54365625,3988010876,3988010876
random_s56_a0,ls_mab_alloc.loads,0x0141,57434,1024000000,0.056087890625,3862449803,3862449803
random_s56_a0,l2_cache_req_stat.ls_rd_blk_c,0x0864,40150711,1024000000,39.2096787109375,3862449803,3862449803
random_s56_a0,ls_refills_from_sys.ls_mabresp_lcl_dram,0x0843,45,1024000000,4.39453125e-05,3862449803,3862449803
random_s56_a0,ls_dispatch.ld_dispatch,0x0129,4154072025,1024000000,4056.7109619140624,3862449803,3862449803
random_s32_a0,ls_mab_alloc.loads,0x0141,27488,1024000000,0.02684375,3392806051,3392806051
random_s32_a0,l2_cache_req_stat.ls_rd_blk_c,0x0864,24481843,1024000000,23.9080498046875,3392806051,3392806051
random_s32_a0,ls_refills_from_sys.ls_mabresp_lcl_dram,0x0843,24,1024000000,2.34375e-05,3392806051,3392806051
random_s32_a0,ls_dispatch.ld_dispatch,0x0129,4181188193,1024000000,4083.1915947265625,3392806051,3392806051
random_s72_a16,ls_mab_alloc.loads,0x0141,2584831,1024000000,2.5242490234375,4005121410,4005121410
random_s72_a16,l2_cache_req_stat.ls_rd_blk_c,0x0864,307883,1024000000,0.3006669921875,4005121410,4005121410
random_s72_a16,ls_refills_from_sys.ls_mabresp_lcl_dram,0x0843,49,1024000000,4.78515625e-05,4005121410,4005121410
random_s72_a16,ls_dispatch.ld_dispatch,0x0129,4153793581,1024000000,4056.4390439453123,4005121410,4005121410
sequential_s56,ls_mab_alloc.loads,0x0141,25637,1024000000,0.0250361328125,2972308646,2972308646
sequential_s56,l2_cache_req_stat.ls_rd_blk_c,0x0864,179790,1024000000,0.175576171875,2972308646,2972308646
sequential_s56,ls_refills_from_sys.ls_mabresp_lcl_dram,0x0843,2,1024000000,1.953125e-06,2972308646,2972308646
sequential_s56,ls_dispatch.ld_dispatch,0x0129,4156009403,1024000000,4058.6029326171874,2972308646,2972308646
