name,group,bytes,n,mean,std,median,q1,q3,p05,p95,p99,minimum,maximum,outliers,whisker_low,whisker_high,units,baseline_median,median_ns,baseline_median_ns,timed_loads_per_batch,counted_chain_loads,minor_faults,major_faults,voluntary_switches,involuntary_switches,l1d_cache_refill_rd_per_1000_chain_loads,l2d_cache_refill_rd_per_1000_chain_loads,ll_cache_miss_rd_per_1000_chain_loads,ld_spec_per_1000_chain_loads
LLC_w58720256,LLC,58720256,1000000,2.2034236015625,0.24130060537663392,2.203125,1.9765625,2.42578125,1.8515625,2.52734375,2.6328125,1.67578125,4.5625,275,1.67578125,3.09765625,CNTVCT_EL0 ticks / timed chain load,1.81640625,88.125,72.65625,256,256000000,0,0,0,6,1000.2786875,1000.50137890625,1000.61750390625,1054.90948828125
L1_w73728,L1,73728,1000000,0.0817160234375,0.008263695933035534,0.08203125,0.078125,0.08203125,0.078125,0.0859375,0.10546875,0.078125,5.70703125,27649,0.078125,0.0859375,CNTVCT_EL0 ticks / timed chain load,0.078125,3.28125,3.125,256,256000000,0,0,0,102,570.7354921875,0.4879375,0.4882578125,1054.70324609375
L1_w65536,L1,65536,1000000,0.03862874609375,0.009210687728687038,0.0390625,0.03515625,0.0390625,0.03515625,0.04296875,0.0546875,0.03515625,5.2890625,42691,0.03515625,0.04296875,CNTVCT_EL0 ticks / timed chain load,0.0390625,1.5625,1.5625,256,256000000,0,0,0,176,17.10516015625,0.487734375,0.48995703125,1054.7053828125
L2_w2097152,L2,2097152,1000000,0.95030878125,0.025087550999758592,0.95703125,0.9453125,0.9609375,0.90625,0.9765625,0.98046875,0.88671875,9.9609375,137959,0.921875,0.984375,CNTVCT_EL0 ticks / timed chain load,0.95703125,38.28125,38.28125,256,256000000,0,0,0,62,1000.33429296875,998.9741953125,999.069703125,1054.78310546875
L1_w81920,L1,81920,1000000,0.1158549765625,0.009167798617942808,0.1171875,0.11328125,0.1171875,0.11328125,0.1171875,0.140625,0.11328125,6.796875,21509,0.11328125,0.12109375,CNTVCT_EL0 ticks / timed chain load,0.1171875,4.6875,4.6875,256,256000000,0,0,0,104,998.4403984375,0.4877734375,0.48813671875,1054.70698046875
LLC_w41943040,LLC,41943040,1000000,2.06737174609375,0.33296230877365446,2.01171875,1.79296875,2.38671875,1.578125,2.53125,2.75390625,1.3046875,4.75390625,352,1.3046875,3.27734375,CNTVCT_EL0 ticks / timed chain load,1.43359375,80.46875,57.34375,256,256000000,0,0,0,7,1000.28094921875,1000.5004609375,1000.92915625,1054.8970859375
LLC_w33554432,LLC,33554432,1000000,1.81110716015625,0.481904659521774,1.6953125,1.34375,2.3359375,1.23828125,2.49609375,2.65625,1.05078125,4.2734375,12,1.05078125,3.82421875,CNTVCT_EL0 ticks / timed chain load,0.984375,67.8125,39.375,256,256000000,0,0,0,9,1000.32823046875,1000.5035625,1000.6914375,1054.885015625
LLC_w50331648,LLC,50331648,1000000,2.26784700390625,0.25243048002972013,2.34765625,2.0546875,2.453125,1.83203125,2.58203125,2.8046875,1.52734375,4.51171875,1289,1.52734375,3.05078125,CNTVCT_EL0 ticks / timed chain load,1.69921875,93.90625,67.96875,256,256000000,0,0,0,30,1000.34578125,1000.50526171875,1001.0303203125,1054.940328125
LLC_w67108864,LLC,67108864,1000000,2.24158376171875,0.19703210611081187,2.23046875,2.07421875,2.41015625,1.953125,2.53515625,2.66796875,1.75390625,4.75390625,1613,1.75390625,2.9140625,CNTVCT_EL0 ticks / timed chain load,1.875,89.21875,75.0,256,256000000,0,0,0,8,1000.310171875,1000.5052265625,1000.5506640625,1054.93362109375
L2_w1048576,L2,1048576,1000000,0.1555478984375,0.018207055125097474,0.15625,0.1484375,0.1640625,0.13671875,0.17578125,0.19140625,0.12109375,6.35546875,13772,0.125,0.1875,CNTVCT_EL0 ticks / timed chain load,0.15625,6.25,6.25,256,256000000,0,0,0,105,1000.12175390625,48.43865625,48.439203125,1054.7104609375
L2_w1572864,L2,1572864,1000000,0.78060913671875,0.02791555150874947,0.78125,0.765625,0.796875,0.7421875,0.8203125,0.83203125,0.65625,10.25390625,8147,0.71875,0.84375,CNTVCT_EL0 ticks / timed chain load,0.78125,31.25,31.25,256,256000000,0,0,0,33,1000.20234765625,791.50234765625,791.58474609375,1054.7643984375
L1_w98304,L1,98304,1000000,0.1160026171875,0.008674540203588916,0.1171875,0.11328125,0.1171875,0.11328125,0.1171875,0.13671875,0.109375,5.62890625,23104,0.109375,0.12109375,CNTVCT_EL0 ticks / timed chain load,0.1171875,4.6875,4.6875,256,256000000,0,0,0,118,998.7015546875,0.48787109375,0.48808984375,1054.70803125
L2_w1179648,L2,1179648,1000000,0.36549035546875,0.026131330079596844,0.36328125,0.3515625,0.37890625,0.328125,0.40234375,0.421875,0.265625,7.6796875,18889,0.3125,0.41796875,CNTVCT_EL0 ticks / timed chain load,0.3671875,14.53125,14.6875,256,256000000,0,0,0,89,1000.43707421875,298.04364453125,298.57566015625,1054.729671875
L1_w131072,L1,131072,1000000,0.11584521875,0.007852105262725674,0.1171875,0.11328125,0.1171875,0.11328125,0.1171875,0.140625,0.11328125,5.25390625,23014,0.11328125,0.12109375,CNTVCT_EL0 ticks / timed chain load,0.1171875,4.6875,4.6875,256,256000000,0,0,0,96,999.03013671875,0.487515625,0.487609375,1054.7060703125
