spacing,batch,pages,lower_bytes,upper_bytes,lower_median,upper_median,median_ratio,lower_repeat_min,lower_repeat_max,upper_repeat_min,upper_repeat_max
8,256,huge,32768,49152,5.1875,5.3203125,1.0256024096385543,5.1875,5.1875,5.3203125,5.3203125
8,256,huge,49152,65536,5.3203125,8.421875,1.5829662261380324,5.3203125,5.3203125,8.421875,8.421875
8,256,huge,65536,2097152,8.421875,17.0078125,2.0194805194805197,8.421875,8.421875,17.0078125,17.0078125
8,256,huge,2097152,3145728,17.0078125,35.1796875,2.0684428112080844,17.0078125,17.0078125,35.1796875,35.1796875
8,256,huge,3145728,4194304,35.1796875,41.796875,1.1880968243393293,35.1796875,35.1796875,41.796875,41.796875
8,256,huge,4194304,33554432,41.796875,64.609375,1.5457943925233646,41.796875,41.796875,60.7734375,64.609375
8,256,huge,33554432,41943040,64.609375,68.8125,1.0650544135429263,60.7734375,64.609375,68.8125,68.8125
8,256,huge,41943040,50331648,68.8125,133.84375,1.9450499545867392,68.8125,68.8125,111.2734375,133.84375
8,256,huge,50331648,58720256,133.84375,103.671875,0.7745738968013075,111.2734375,133.84375,103.671875,103.671875
8,256,huge,58720256,67108864,103.671875,151.109375,1.4575734740015072,103.671875,103.671875,151.109375,152.1875
64,256,base,33554432,50331648,96.4140625,153.5078125,1.5921724333522405,96.4140625,96.4140625,153.5078125,153.5078125
64,256,base,50331648,67108864,153.5078125,161.6875,1.0532851544607869,153.5078125,153.5078125,161.6875,161.6875
64,256,huge,2048,4096,5.1875,5.1875,1.0,5.1875,5.1875,5.1875,5.1875
64,256,huge,4096,8192,5.1875,5.1875,1.0,5.1875,5.1875,5.1875,5.1875
64,256,huge,8192,16384,5.1875,5.1875,1.0,5.1875,5.1875,5.1875,5.1875
64,256,huge,16384,32768,5.1875,5.1875,1.0,5.1875,5.1875,5.1875,5.1875
64,256,huge,32768,36864,5.1875,5.1875,1.0,5.1875,5.1875,5.1875,5.1875
64,256,huge,36864,40960,5.1875,5.1953125,1.0015060240963856,5.1875,5.1875,5.1953125,5.1953125
64,256,huge,40960,45056,5.1953125,5.203125,1.0015037593984963,5.1953125,5.1953125,5.203125,5.203125
64,256,huge,45056,49152,5.203125,5.8828125,1.1306306306306306,5.203125,5.203125,5.78125,5.8828125
64,256,huge,49152,53248,5.8828125,15.9921875,2.7184594953519254,5.78125,5.8828125,15.9921875,15.9921875
64,256,huge,53248,57344,15.9921875,16.125,1.008304836345872,15.9921875,15.9921875,16.125,16.125
64,256,huge,57344,61440,16.125,16.0234375,0.9937015503875969,16.125,16.125,16.0234375,16.0234375
64,256,huge,61440,65536,16.0234375,16.078125,1.0034129692832765,16.0234375,16.0234375,16.078125,16.1171875
64,256,huge,65536,131072,16.078125,16.1953125,1.0072886297376094,16.078125,16.1171875,16.1953125,16.1953125
64,256,huge,131072,262144,16.1953125,16.21875,1.0014471780028944,16.1953125,16.1953125,16.21875,16.21875
64,256,huge,262144,524288,16.21875,16.21875,1.0,16.21875,16.21875,16.21875,16.21875
64,256,huge,524288,1048576,16.21875,16.2109375,0.9995183044315993,16.21875,16.21875,16.2109375,16.2109375
64,256,huge,1048576,2097152,16.2109375,16.4140625,1.0125301204819277,16.2109375,16.2109375,16.4140625,16.4375
64,256,huge,2097152,2359296,16.4140625,34.03125,2.073298429319372,16.4140625,16.4375,34.03125,34.03125
64,256,huge,2359296,2621440,34.03125,45.453125,1.3356290174471992,34.03125,34.03125,45.453125,45.453125
64,256,huge,2621440,2883584,45.453125,56.375,1.2402887590237195,45.453125,45.453125,56.375,56.375
64,256,huge,2883584,3145728,56.375,61.453125,1.0900776053215078,56.375,56.375,61.453125,62.703125
64,256,huge,3145728,3407872,61.453125,61.375,0.9987287058225274,61.453125,62.703125,61.375,61.375
64,256,huge,3407872,3670016,61.375,62.8671875,1.0243126272912424,61.375,61.375,62.8671875,62.8671875
64,256,huge,3670016,3932160,62.8671875,62.8125,0.9991301106002237,62.8671875,62.8671875,62.8125,62.8125
64,256,huge,3932160,4194304,62.8125,62.890625,1.0012437810945274,62.8125,62.8125,62.796875,62.9140625
64,256,huge,4194304,8388608,62.890625,62.921875,1.000496894409938,62.796875,62.9140625,62.921875,62.921875
64,256,huge,8388608,16777216,62.921875,62.921875,1.0,62.921875,62.921875,62.921875,62.921875
64,256,huge,16777216,33554432,62.921875,62.90625,0.9997516761857462,62.921875,62.921875,62.90625,62.9296875
64,256,huge,33554432,41943040,62.90625,84.5390625,1.3438897168405366,62.90625,62.9296875,84.5390625,84.5390625
64,256,huge,41943040,50331648,84.5390625,76.953125,0.9102670732834304,84.5390625,84.5390625,76.953125,76.953125
64,256,huge,50331648,58720256,76.953125,86.578125,1.1250761421319797,76.953125,76.953125,86.578125,86.578125
64,256,huge,58720256,67108864,86.578125,169.671875,1.9597545569391805,86.578125,86.578125,101.046875,169.671875
64,256,huge,67108864,134217728,169.671875,194.140625,1.1442121742333549,101.046875,169.671875,194.140625,194.140625
64,256,huge,134217728,268435456,194.140625,229.0234375,1.1796780684104629,194.140625,194.140625,229.0234375,229.0234375
64,256,huge,268435456,536870912,229.0234375,248.9453125,1.0869861845471602,229.0234375,229.0234375,248.9453125,248.9453125
64,1024,huge,32768,2097152,5.05859375,16.189453125,3.2003861003861003,5.05859375,5.05859375,16.189453125,16.189453125
