name,group,stride,alignment,mode,seed,point_name,pmu_pass,n,mean,std,median,q1,q3,p05,p95,p99,minimum,maximum,outliers,whisker_low,whisker_high,timed_loads_per_batch,counted_chain_loads,legacy_median,baseline_median,units,minor_faults,major_faults,voluntary_switches,involuntary_switches,l1_misses_per_1000_chain_loads,l2_misses_per_1000_chain_loads,l3_misses_per_1000_chain_loads,all_loads_per_1000_chain_loads
random_s64_a16__l1_l2,random_alignment16,64,16,random_lines,711,random_s64_a16,l1_l2,1000000,18.95487632324219,0.9987554806462337,18.82421875,18.4765625,19.2265625,18.16796875,19.7109375,23.96484375,17.45703125,73.3671875,19193,17.45703125,20.3515625,1024,1024000000,18.82421875,20.2734375,TSC ticks / timed chain load,0,0,0,3,261.272064453125,48.2699111328125,,
random_s64_a16__l3_loads,random_alignment16,64,16,random_lines,711,random_s64_a16,l3_loads,1000000,19.86532517578125,1.0744521314088573,19.77734375,19.38671875,20.15625,18.96875,20.53515625,25.62109375,18.37890625,73.974609375,18445,18.37890625,21.30859375,1024,1024000000,19.77734375,20.2734375,TSC ticks / timed chain load,0,0,0,3,,,0.0011357421875,5024.469681640625
random_s96_a0__l1_l2,random_alignment0,96,0,random_lines,711,random_s96_a0,l1_l2,1000000,19.42972960839844,0.9121439266470014,19.30078125,19.0703125,19.58203125,18.8203125,20.0546875,24.84375,18.296875,73.1640625,24253,18.3125,20.349609375,1024,1024000000,19.30078125,19.7734375,TSC ticks / timed chain load,0,0,0,3,372.4077744140625,68.0136416015625,,
random_s96_a0__l3_loads,random_alignment0,96,0,random_lines,711,random_s96_a0,l3_loads,1000000,18.47695074121094,0.9963489261695125,18.3515625,18.1171875,18.609375,17.796875,19.04296875,23.4375,16.96484375,67.01953125,32794,17.37890625,19.34765625,1024,1024000000,18.3515625,19.7734375,TSC ticks / timed chain load,0,0,0,3,,,0.001826171875,5024.465784179688
random_s64_a0__l1_l2,random_alignment0,64,0,random_lines,711,random_s64_a0,l1_l2,1000000,18.5753275546875,0.9477367637375551,18.38671875,18.1953125,18.734375,18.00390625,19.24609375,22.671875,17.5234375,72.296875,30795,17.5234375,19.54296875,1024,1024000000,18.38671875,19.53515625,TSC ticks / timed chain load,0,0,0,3,267.644603515625,47.0168955078125,,
random_s64_a0__l3_loads,random_alignment0,64,0,random_lines,711,random_s64_a0,l3_loads,1000000,18.353705830078123,1.1310607736393063,18.1796875,17.97265625,18.4140625,17.71484375,18.96484375,24.039101562500036,17.1875,74.1640625,43904,17.3203125,19.0751953125,1024,1024000000,18.1796875,19.53515625,TSC ticks / timed chain load,0,0,0,2,,,0.0081630859375,5024.465572265625
random_s56_a16__l1_l2,random_alignment16,56,16,random_lines,711,random_s56_a16,l1_l2,1000000,16.080761103515623,2.8572797202816256,15.984375,15.734375,16.2265625,15.41796875,16.640625,19.6953125,14.78515625,2395.42578125,25772,14.99609375,16.96484375,1024,1024000000,15.984375,16.8515625,TSC ticks / timed chain load,3,0,3,3,235.86124609375,28.51170703125,,
random_s56_a16__l3_loads,random_alignment16,56,16,random_lines,711,random_s56_a16,l3_loads,1000000,16.880279594726563,0.8852358942930978,16.765625,16.484375,17.13671875,16.13671875,17.57421875,19.8359375,15.53515625,68.9453125,15980,15.53515625,18.115234375,1024,1024000000,16.765625,16.8515625,TSC ticks / timed chain load,0,0,0,3,,,0.0018369140625,5024.460255859375
fully_random_s64__l1_l2,fully_random_control,64,0,fully_random,721,fully_random_s64,l1_l2,1000000,25.713736243164064,1.9893045113493104,25.1875,24.97265625,25.45703125,24.69140625,31.4765625,34.375,23.8125,85.126953125,85831,24.24609375,26.18359375,1024,1024000000,25.1875,32.57421875,TSC ticks / timed chain load,0,0,0,3,1000.836568359375,280.899638671875,,
fully_random_s64__l3_loads,fully_random_control,64,0,fully_random,721,fully_random_s64,l3_loads,1000000,36.72377996191406,0.9648400279013088,36.72265625,36.21875,36.99609375,35.99609375,37.203125,43.171875,35.640625,86.81640625,16909,35.640625,38.16015625,1024,1024000000,36.72265625,32.57421875,TSC ticks / timed chain load,0,0,0,5,,,0.1535908203125,5024.515822265625
sequential_s72__l1_l2,sequential_control,72,0,sequential_lines,731,sequential_s72,l1_l2,1000000,15.8819402109375,0.6172285263232028,15.8046875,15.6796875,15.9453125,15.51953125,16.1875,17.9765625,15.07421875,67.90625,28178,15.28125,16.34375,1024,1024000000,15.8046875,16.203125,TSC ticks / timed chain load,0,0,0,2,30.705322265625,3.8023017578125,,
sequential_s72__l3_loads,sequential_control,72,0,sequential_lines,731,sequential_s72,l3_loads,1000000,16.065163526367186,0.652456701057048,16.00390625,15.83203125,16.171875,15.5859375,16.43359375,18.306640625,14.9609375,68.23828125,27377,15.32421875,16.6796875,1024,1024000000,16.00390625,16.203125,TSC ticks / timed chain load,0,0,0,2,,,0.0004052734375,5024.45924609375
sequential_s64__l1_l2,sequential_control,64,0,sequential_lines,731,sequential_s64,l1_l2,1000000,15.9042913828125,0.9966896198716818,15.78515625,15.63671875,15.9453125,15.43359375,16.234375,21.320341796875027,14.859375,67.90625,34072,15.17578125,16.40625,1024,1024000000,15.78515625,16.21875,TSC ticks / timed chain load,0,0,0,2,33.23809765625,0.7754375,,
sequential_s64__l3_loads,sequential_control,64,0,sequential_lines,731,sequential_s64,l3_loads,1000000,15.5696757265625,0.6854987637836361,15.48828125,15.3671875,15.609375,15.1953125,15.82421875,17.9921875,14.77734375,70.81640625,33602,15.00390625,15.97265625,1024,1024000000,15.48828125,16.21875,TSC ticks / timed chain load,0,0,0,2,,,0.00083984375,5024.457896484375
random_s72_a0__l1_l2,random_alignment0,72,0,random_lines,711,random_s72_a0,l1_l2,1000000,19.757181458007814,1.1153094457681012,19.640625,19.3984375,19.875,19.1015625,20.21484375,26.23828125,18.46484375,71.88671875,23541,18.68359375,20.58984375,1024,1024000000,19.640625,20.20703125,TSC ticks / timed chain load,0,0,0,3,281.0294384765625,59.679916015625,,
random_s72_a0__l3_loads,random_alignment0,72,0,random_lines,711,random_s72_a0,l3_loads,1000000,19.137430961914063,0.9186040870603928,19.03125,18.84765625,19.2109375,18.60546875,19.55078125,24.228564453125045,17.984375,70.84765625,33479,18.3046875,19.755859375,1024,1024000000,19.03125,20.20703125,TSC ticks / timed chain load,0,0,0,3,,,0.0026142578125,5024.467673828125
random_s56_a0__l1_l2,random_alignment0,56,0,random_lines,711,random_s56_a0,l1_l2,1000000,17.0994878203125,1.1837101237587047,16.94921875,16.69921875,17.25,16.421875,17.6328125,23.61719726562501,15.8671875,73.33203125,20862,15.89453125,18.07421875,1024,1024000000,16.94921875,16.625,TSC ticks / timed chain load,0,0,0,3,230.8204248046875,40.06672265625,,
random_s56_a0__l3_loads,random_alignment0,56,0,random_lines,711,random_s56_a0,l3_loads,1000000,16.921970955078127,0.8845368034048811,16.828125,16.671875,16.984375,16.4453125,17.25390625,20.6396484375,15.890625,68.43359375,27154,16.203125,17.453125,1024,1024000000,16.828125,16.625,TSC ticks / timed chain load,0,0,0,3,,,0.0021904296875,5024.461430664062
random_s32_a0__l1_l2,random_alignment0,32,0,random_lines,701,random_s32_a0,l1_l2,1000000,12.4719196953125,0.8554439922794457,12.31640625,12.21484375,12.5703125,12.11328125,12.828125,16.240234375,11.8828125,64.54296875,22122,11.8828125,13.1025390625,1024,1024000000,12.31640625,12.59765625,TSC ticks / timed chain load,0,0,0,2,81.9352705078125,16.315478515625,,
random_s32_a0__l3_loads,random_alignment0,32,0,random_lines,701,random_s32_a0,l3_loads,1000000,12.93427189453125,0.628211490936264,12.85546875,12.6953125,13.04296875,12.53125,13.34765625,14.279296875,12.203125,64.65234375,17550,12.203125,13.5625,1024,1024000000,12.85546875,12.59765625,TSC ticks / timed chain load,0,0,0,2,,,0.0005703125,5024.450387695312
random_s72_a16__l1_l2,random_alignment16,72,16,random_lines,711,random_s72_a16,l1_l2,1000000,19.09343762890625,0.9442433844485226,18.98046875,18.76953125,19.1953125,18.5,19.58203125,23.140625,17.83203125,73.14453125,34565,18.1328125,19.8330078125,1024,1024000000,18.98046875,19.6484375,TSC ticks / timed chain load,0,0,0,3,282.6261455078125,54.501595703125,,
random_s72_a16__l3_loads,random_alignment16,72,16,random_lines,711,random_s72_a16,l3_loads,1000000,19.00001837792969,0.8424877773355083,18.87109375,18.6640625,19.1484375,18.421875,19.63671875,22.238320312500036,17.71875,80.51953125,24649,17.9375,19.875,1024,1024000000,18.87109375,19.6484375,TSC ticks / timed chain load,0,0,0,3,,,0.0020654296875,5024.467272460937
sequential_s56__l1_l2,sequential_control,56,0,sequential_lines,731,sequential_s56,l1_l2,1000000,10.928966813476562,0.5513619003306285,10.859375,10.80859375,10.9140625,10.74609375,11.01953125,12.8359375,10.58203125,65.96484375,34918,10.65234375,11.0703125,1024,1024000000,10.859375,10.8515625,TSC ticks / timed chain load,0,0,0,2,24.3033291015625,0.374796875,,
sequential_s56__l3_loads,sequential_control,56,0,sequential_lines,731,sequential_s56,l3_loads,1000000,10.943186811523438,0.5217678053763721,10.8828125,10.828125,10.9375,10.76171875,11.05078125,12.51171875,10.58984375,62.6015625,34296,10.6640625,11.1015625,1024,1024000000,10.8828125,10.8515625,TSC ticks / timed chain load,0,0,0,1,,,0.0002431640625,5024.4449453125
