host,vendor,year,workload,repeat,bytes,unit,n,mean,std,p5,q1,median,q3,p95,outliers
artemisia,Intel,2023,l1_resident,1,24576,TSC_ticks/access,1000000,9.0502438125,531.2126964760853,5.96875,6.0,6.0,6.03125,6.0625,48017
artemisia,Intel,2023,l1_resident,0,24576,TSC_ticks/access,1000000,8.95300225,511.76039319234303,5.96875,6.0,6.0,6.03125,6.0625,71315
artemisia,Intel,2023,llc_sized,1,55050240,TSC_ticks/access,1000000,428.9951694375,3664.215495247814,271.65625,278.21875,283.4375,289.25,299.3125,19471
artemisia,Intel,2023,beyond_llc,1,220200960,TSC_ticks/access,1000000,444.66408821875,3728.6144246725285,281.28125,287.875,293.1875,299.15625,309.78125,22276
artemisia,Intel,2023,llc_sized,2,55050240,TSC_ticks/access,1000000,430.01128928125,3663.3594381493253,271.84375,278.4375,283.75,289.6875,300.0,20465
artemisia,Intel,2023,beyond_llc,2,220200960,TSC_ticks/access,1000000,443.86226828125,3743.2755336389405,281.1875,287.71875,293.0,298.875,309.0625,20443
artemisia,Intel,2023,l1_resident,2,24576,TSC_ticks/access,1000000,9.1478976875,536.5692749254491,5.96875,6.0,6.0,6.03125,6.09375,77904
artemisia,Intel,2023,beyond_llc,0,220200960,TSC_ticks/access,1000000,446.42254090625,3733.3131433824783,282.0,288.8125,294.375,300.71875,312.375,24151
artemisia,Intel,2023,llc_sized,0,55050240,TSC_ticks/access,1000000,429.2629634375,3660.0230396016586,271.90625,278.375,283.59375,289.4375,299.34375,18999
skylark,AMD,2019,l1_resident,1,16384,TSC_ticks/access,1000000,4.034605875,1.0431832348827716,3.75,3.75,4.125,4.125,4.125,33664
skylark,AMD,2019,l1_resident,0,16384,TSC_ticks/access,1000000,4.03178775,1.1462368626073485,3.75,3.75,4.125,4.125,4.125,31275
skylark,AMD,2019,llc_sized,1,16777216,TSC_ticks/access,1000000,123.9865575,18.61289948914311,97.5,112.125,123.0,134.625,153.0,10719
skylark,AMD,2019,beyond_llc,1,67108864,TSC_ticks/access,1000000,279.643323,31.294934176998545,256.5,270.375,279.375,288.0,300.75,16496
skylark,AMD,2019,llc_sized,2,16777216,TSC_ticks/access,1000000,114.4188,18.071320913535907,88.125,102.75,113.625,124.875,142.875,10692
skylark,AMD,2019,beyond_llc,2,67108864,TSC_ticks/access,1000000,279.728235375,33.95924604633433,256.875,270.375,279.375,288.0,300.75,16676
skylark,AMD,2019,l1_resident,2,16384,TSC_ticks/access,1000000,4.030695375,1.2028755768277157,3.75,3.75,4.125,4.125,4.125,31264
skylark,AMD,2019,beyond_llc,0,67108864,TSC_ticks/access,1000000,279.3790665,47.86840436186566,256.5,270.0,279.0,287.625,300.375,16739
skylark,AMD,2019,llc_sized,0,16777216,TSC_ticks/access,1000000,105.957448875,18.947901878701135,81.75,94.875,105.0,115.875,132.0,8755
sunbird,Intel,2014,l1_resident,1,16384,TSC_ticks/access,1000000,5.091404,1.7789643856318484,5.0,5.0625,5.0625,5.0625,5.125,177916
sunbird,Intel,2014,l1_resident,0,16384,TSC_ticks/access,1000000,5.08818625,2.228822809242233,5.0,5.0625,5.0625,5.0625,5.125,180336
sunbird,Intel,2014,llc_sized,1,31457280,TSC_ticks/access,1000000,113.3798439375,21.27643181197333,93.6875,102.9375,110.8125,120.875,139.1875,21541
sunbird,Intel,2014,beyond_llc,1,125829120,TSC_ticks/access,1000000,251.49872525,65.0736269394499,230.625,242.5,250.25,256.3125,275.3125,45717
sunbird,Intel,2014,llc_sized,2,31457280,TSC_ticks/access,1000000,137.26231675,321.08144531510004,101.875,114.8125,128.9375,154.375,190.1875,14435
sunbird,Intel,2014,beyond_llc,2,125829120,TSC_ticks/access,1000000,251.6914108125,63.51212203100545,230.9375,242.8125,250.5625,256.5625,275.5,45595
sunbird,Intel,2014,l1_resident,2,16384,TSC_ticks/access,1000000,5.089431125,1.9674923968579228,5.0,5.0625,5.0625,5.0625,5.125,178343
sunbird,Intel,2014,beyond_llc,0,125829120,TSC_ticks/access,1000000,251.09250825,65.76298345013512,230.625,242.3125,250.125,256.0625,270.9375,39977
sunbird,Intel,2014,llc_sized,0,31457280,TSC_ticks/access,1000000,158.2095463125,46.38590480898681,108.125,126.0625,148.9375,183.0625,238.1875,8258
thunderbird,Arm,2020,l1_resident,1,32768,CNTVCT_ticks/access,1000000,0.047492359375,0.03947521931120489,0.046875,0.046875,0.046875,0.046875,0.046875,33449
thunderbird,Arm,2020,l1_resident,0,32768,CNTVCT_ticks/access,1000000,0.04749434375,0.03377883905652822,0.046875,0.046875,0.046875,0.046875,0.046875,33941
thunderbird,Arm,2020,llc_sized,1,33554432,CNTVCT_ticks/access,1000000,1.495823046875,0.34972279212838836,1.203125,1.296875,1.40625,1.546875,2.15625,103732
thunderbird,Arm,2020,beyond_llc,1,134217728,CNTVCT_ticks/access,1000000,2.57712065625,0.975410485297748,2.328125,2.46875,2.5625,2.671875,2.828125,6577
thunderbird,Arm,2020,llc_sized,2,33554432,CNTVCT_ticks/access,1000000,1.509843984375,0.9744505077306629,1.203125,1.3125,1.421875,1.59375,2.171875,76985
thunderbird,Arm,2020,beyond_llc,2,134217728,CNTVCT_ticks/access,1000000,2.6146675,0.856409316092395,2.390625,2.515625,2.59375,2.6875,2.84375,14314
thunderbird,Arm,2020,l1_resident,2,32768,CNTVCT_ticks/access,1000000,0.047511,0.02497372244167357,0.046875,0.046875,0.046875,0.046875,0.046875,33799
thunderbird,Arm,2020,beyond_llc,0,134217728,CNTVCT_ticks/access,1000000,2.509432171875,0.7558997078728344,2.28125,2.40625,2.5,2.609375,2.765625,6137
thunderbird,Arm,2020,llc_sized,0,33554432,CNTVCT_ticks/access,1000000,1.456605875,0.2919605355352253,1.1875,1.28125,1.375,1.515625,2.0625,95458
