stride,k,eviction_probability
64,2,0.1614
64,4,0.1708
64,6,0.16275
64,8,0.1488
64,10,0.1086
64,12,0.10325
64,14,0.10215
64,16,0.07525
64,20,0.06205
64,24,0.06495
64,32,0.0725
128,2,0.1783
128,4,0.1759
128,6,0.15995
128,8,0.1321
128,10,0.11
128,12,0.0722
128,14,0.0892
128,16,0.0865
128,20,0.0632
128,24,0.0628
128,32,0.06885
256,2,0.1744
256,4,0.17865
256,6,0.1558
256,8,0.1431
256,10,0.11585
256,12,0.09875
256,14,0.08645
256,16,0.0799
256,20,0.06835
256,24,0.0627
256,32,0.0741
512,2,0.1701
512,4,0.17845
512,6,0.1568
512,8,0.1365
512,10,0.10425
512,12,0.09295
512,14,0.09155
512,16,0.0686
512,20,0.06155
512,24,0.06315
512,32,0.07725
1024,2,0.175
1024,4,0.1862
1024,6,0.1602
1024,8,0.14345
1024,10,0.10325
1024,12,0.09175
1024,14,0.0739
1024,16,0.05865
1024,20,0.07235
1024,24,0.06945
1024,32,0.08625
2048,2,0.16975
2048,4,0.178
2048,6,0.1659
2048,8,0.0873
2048,10,0.092
2048,12,0.08285
2048,14,0.0657
2048,16,0.06535
2048,20,0.07945
2048,24,0.08135
2048,32,0.09785
4096,2,0.1662
4096,4,0.16805
4096,6,0.09995
4096,8,0.093
4096,10,0.0734
4096,12,0.0629
4096,14,0.0702
4096,16,0.0669
4096,20,0.07895
4096,24,0.08095
4096,32,0.06525
