name,group,num_sets,k,max_k,baseline_median,pass1_median,pass2_median,pass2_vs_pass1_percent,samples_per_pass,units,l1_load_mab_allocs_per_1000_chain_loads,l2_dc_request_misses_per_1000_chain_loads,local_dram_io_fills_per_1000_chain_loads,load_dispatches_per_1000_chain_loads,local_l2_demand_fills_per_1000_chain_loads,local_cache_demand_fills_per_1000_chain_loads,l2_data_read_requests_per_1000_chain_loads,l1_dtlb_misses_reloads_per_1000_chain_loads
L2_candidate_k8,L2_candidate,1024,8,16,5.767441860465116,6.1395348837209305,6.1395348837209305,0.0,1000000,TSC ticks / timed chain load,0.014948529411764706,0.10849264705882353,0.0,4639.940139705883,0.36511764705882355,0.09411029411764706,1.25675,0.003154411764705882
L1_k10,L1,64,10,16,10.232558139534884,10.232558139534884,10.232558139534884,0.0,1000000,TSC ticks / timed chain load,0.023920289855072465,0.013681159420289855,7.971014492753623e-05,4602.328753623188,942.2751449275362,0.000963768115942029,943.060036231884,0.0031956521739130435
L1_k8,L1,64,8,16,6.1395348837209305,5.767441860465116,5.767441860465116,0.0,1000000,TSC ticks / timed chain load,0.008779411764705883,0.00986764705882353,0.0,4645.058669117647,66.19550735294118,0.0005514705882352941,59.64077205882353,0.003154411764705882
L2_candidate_k7,L2_candidate,1024,7,16,5.953488372093023,6.1395348837209305,6.1395348837209305,0.0,1000000,TSC ticks / timed chain load,0.004837037037037037,0.027088888888888888,1.4814814814814815e-05,4644.813962962963,0.022244444444444445,0.01708888888888889,0.9538666666666666,0.003185185185185185
L2_candidate_k13,L2_candidate,1024,13,16,29.767441860465116,29.767441860465116,29.767441860465116,0.0,1000000,TSC ticks / timed chain load,0.030085106382978722,977.7412482269503,4.2553191489361704e-05,4590.147787234043,0.20745390070921985,977.7524964539007,978.7015815602837,0.0031063829787234044
L2_candidate_k12,L2_candidate,1024,12,16,27.162790697674417,27.162790697674417,27.162790697674417,0.0,1000000,TSC ticks / timed chain load,0.037214285714285714,846.2094714285714,1.4285714285714285e-05,4595.638857142857,0.3517571428571429,847.2841928571429,848.3890928571428,0.003092857142857143
L2_candidate_k11,L2_candidate,1024,11,16,17.86046511627907,17.86046511627907,17.86046511627907,0.0,1000000,TSC ticks / timed chain load,0.01979136690647482,594.0994172661871,7.1942446043165465e-06,4617.525525179856,0.2872589928057554,590.3711870503597,591.4240575539568,0.0031366906474820143
L1_k9,L1,64,9,16,18.790697674418606,18.790697674418606,18.790697674418606,0.0,1000000,TSC ticks / timed chain load,0.012905109489051094,0.02054744525547445,7.299270072992701e-06,4606.82795620438,983.0917883211679,0.0012846715328467154,983.8710072992701,0.003218978102189781
L1_k7,L1,64,7,16,6.1395348837209305,6.1395348837209305,6.1395348837209305,0.0,1000000,TSC ticks / timed chain load,0.0045925925925925926,0.009992592592592593,0.0,4644.814237037037,0.0386962962962963,0.00044444444444444447,0.9600814814814815,0.0032222222222222222
L1_k6,L1,64,6,16,6.1395348837209305,5.767441860465116,6.1395348837209305,6.451612903225823,1000000,TSC ticks / timed chain load,0.004253731343283582,0.010223880597014925,1.4925373134328359e-05,4649.108925373134,0.027253731343283582,0.000835820895522388,0.9518955223880597,0.0032835820895522386
L2_candidate_k9,L2_candidate,1024,9,16,13.023255813953488,13.209302325581396,16.0,21.126760563380277,1000000,TSC ticks / timed chain load,7.04856204379562,228.80498540145985,0.0,4617.296489051095,389.6808905109489,252.83045255474454,635.573605839416,0.0032335766423357663
L2_candidate_k10,L2_candidate,1024,10,16,17.488372093023255,17.302325581395348,17.488372093023255,1.0752688172043001,1000000,TSC ticks / timed chain load,0.016876811594202897,442.87643478260867,7.2463768115942025e-06,4620.835550724638,0.3800217391304348,443.51204347826086,444.6671811594203,0.0031666666666666666
