name,block,median,units
L2_candidate_k5,1,0.15503875968992248,CNTVCT_EL0 ticks / timed chain load
L2_candidate_k5,2,0.15503875968992248,CNTVCT_EL0 ticks / timed chain load
L2_candidate_k5,3,0.15503875968992248,CNTVCT_EL0 ticks / timed chain load
L2_candidate_k5,4,0.15503875968992248,CNTVCT_EL0 ticks / timed chain load
L2_candidate_k5,5,0.15503875968992248,CNTVCT_EL0 ticks / timed chain load
L2_candidate_k5,6,0.15503875968992248,CNTVCT_EL0 ticks / timed chain load
L2_candidate_k5,7,0.15503875968992248,CNTVCT_EL0 ticks / timed chain load
L2_candidate_k5,8,0.15503875968992248,CNTVCT_EL0 ticks / timed chain load
L2_candidate_k5,9,0.15503875968992248,CNTVCT_EL0 ticks / timed chain load
L2_candidate_k5,10,0.15503875968992248,CNTVCT_EL0 ticks / timed chain load
L1_k6,1,0.16279069767441862,CNTVCT_EL0 ticks / timed chain load
L1_k6,2,0.15503875968992248,CNTVCT_EL0 ticks / timed chain load
L1_k6,3,0.15503875968992248,CNTVCT_EL0 ticks / timed chain load
L1_k6,4,0.15503875968992248,CNTVCT_EL0 ticks / timed chain load
L1_k6,5,0.15503875968992248,CNTVCT_EL0 ticks / timed chain load
L1_k6,6,0.15503875968992248,CNTVCT_EL0 ticks / timed chain load
L1_k6,7,0.15503875968992248,CNTVCT_EL0 ticks / timed chain load
L1_k6,8,0.15503875968992248,CNTVCT_EL0 ticks / timed chain load
L1_k6,9,0.15503875968992248,CNTVCT_EL0 ticks / timed chain load
L1_k6,10,0.15503875968992248,CNTVCT_EL0 ticks / timed chain load
L1_k4,1,0.10852713178294573,CNTVCT_EL0 ticks / timed chain load
L1_k4,2,0.09302325581395349,CNTVCT_EL0 ticks / timed chain load
L1_k4,3,0.09302325581395349,CNTVCT_EL0 ticks / timed chain load
L1_k4,4,0.09302325581395349,CNTVCT_EL0 ticks / timed chain load
L1_k4,5,0.09302325581395349,CNTVCT_EL0 ticks / timed chain load
L1_k4,6,0.09302325581395349,CNTVCT_EL0 ticks / timed chain load
L1_k4,7,0.09302325581395349,CNTVCT_EL0 ticks / timed chain load
L1_k4,8,0.09302325581395349,CNTVCT_EL0 ticks / timed chain load
L1_k4,9,0.09302325581395349,CNTVCT_EL0 ticks / timed chain load
L1_k4,10,0.09302325581395349,CNTVCT_EL0 ticks / timed chain load
L2_candidate_k4,1,0.09302325581395349,CNTVCT_EL0 ticks / timed chain load
L2_candidate_k4,2,0.08527131782945736,CNTVCT_EL0 ticks / timed chain load
L2_candidate_k4,3,0.08527131782945736,CNTVCT_EL0 ticks / timed chain load
L2_candidate_k4,4,0.08527131782945736,CNTVCT_EL0 ticks / timed chain load
L2_candidate_k4,5,0.08527131782945736,CNTVCT_EL0 ticks / timed chain load
L2_candidate_k4,6,0.08527131782945736,CNTVCT_EL0 ticks / timed chain load
L2_candidate_k4,7,0.08527131782945736,CNTVCT_EL0 ticks / timed chain load
L2_candidate_k4,8,0.08527131782945736,CNTVCT_EL0 ticks / timed chain load
L2_candidate_k4,9,0.08527131782945736,CNTVCT_EL0 ticks / timed chain load
L2_candidate_k4,10,0.08527131782945736,CNTVCT_EL0 ticks / timed chain load
L2_candidate_k12,1,1.1705426356589148,CNTVCT_EL0 ticks / timed chain load
L2_candidate_k12,2,1.1705426356589148,CNTVCT_EL0 ticks / timed chain load
L2_candidate_k12,3,1.193798449612403,CNTVCT_EL0 ticks / timed chain load
L2_candidate_k12,4,1.2093023255813953,CNTVCT_EL0 ticks / timed chain load
L2_candidate_k12,5,1.2093023255813953,CNTVCT_EL0 ticks / timed chain load
L2_candidate_k12,6,1.193798449612403,CNTVCT_EL0 ticks / timed chain load
L2_candidate_k12,7,1.193798449612403,CNTVCT_EL0 ticks / timed chain load
L2_candidate_k12,8,1.2015503875968991,CNTVCT_EL0 ticks / timed chain load
L2_candidate_k12,9,1.2015503875968991,CNTVCT_EL0 ticks / timed chain load
L2_candidate_k12,10,1.186046511627907,CNTVCT_EL0 ticks / timed chain load
L2_candidate_k10,1,0.7286821705426356,CNTVCT_EL0 ticks / timed chain load
L2_candidate_k10,2,0.7286821705426356,CNTVCT_EL0 ticks / timed chain load
L2_candidate_k10,3,0.7286821705426356,CNTVCT_EL0 ticks / timed chain load
L2_candidate_k10,4,0.7286821705426356,CNTVCT_EL0 ticks / timed chain load
L2_candidate_k10,5,0.7054263565891473,CNTVCT_EL0 ticks / timed chain load
L2_candidate_k10,6,0.7054263565891473,CNTVCT_EL0 ticks / timed chain load
L2_candidate_k10,7,0.7054263565891473,CNTVCT_EL0 ticks / timed chain load
L2_candidate_k10,8,0.7209302325581395,CNTVCT_EL0 ticks / timed chain load
L2_candidate_k10,9,0.7286821705426356,CNTVCT_EL0 ticks / timed chain load
L2_candidate_k10,10,0.7209302325581395,CNTVCT_EL0 ticks / timed chain load
L2_candidate_k9,1,0.5193798449612403,CNTVCT_EL0 ticks / timed chain load
L2_candidate_k9,2,0.5116279069767442,CNTVCT_EL0 ticks / timed chain load
L2_candidate_k9,3,0.5116279069767442,CNTVCT_EL0 ticks / timed chain load
L2_candidate_k9,4,0.5116279069767442,CNTVCT_EL0 ticks / timed chain load
L2_candidate_k9,5,0.5116279069767442,CNTVCT_EL0 ticks / timed chain load
L2_candidate_k9,6,0.5116279069767442,CNTVCT_EL0 ticks / timed chain load
L2_candidate_k9,7,0.5116279069767442,CNTVCT_EL0 ticks / timed chain load
L2_candidate_k9,8,0.4883720930232558,CNTVCT_EL0 ticks / timed chain load
L2_candidate_k9,9,0.49612403100775193,CNTVCT_EL0 ticks / timed chain load
L2_candidate_k9,10,0.49612403100775193,CNTVCT_EL0 ticks / timed chain load
L1_k5,1,0.17054263565891473,CNTVCT_EL0 ticks / timed chain load
L1_k5,2,0.15503875968992248,CNTVCT_EL0 ticks / timed chain load
L1_k5,3,0.15503875968992248,CNTVCT_EL0 ticks / timed chain load
L1_k5,4,0.15503875968992248,CNTVCT_EL0 ticks / timed chain load
L1_k5,5,0.15503875968992248,CNTVCT_EL0 ticks / timed chain load
L1_k5,6,0.15503875968992248,CNTVCT_EL0 ticks / timed chain load
L1_k5,7,0.15503875968992248,CNTVCT_EL0 ticks / timed chain load
L1_k5,8,0.15503875968992248,CNTVCT_EL0 ticks / timed chain load
L1_k5,9,0.15503875968992248,CNTVCT_EL0 ticks / timed chain load
L1_k5,10,0.15503875968992248,CNTVCT_EL0 ticks / timed chain load
L1_k3,1,0.11627906976744186,CNTVCT_EL0 ticks / timed chain load
L1_k3,2,0.09302325581395349,CNTVCT_EL0 ticks / timed chain load
L1_k3,3,0.09302325581395349,CNTVCT_EL0 ticks / timed chain load
L1_k3,4,0.09302325581395349,CNTVCT_EL0 ticks / timed chain load
L1_k3,5,0.09302325581395349,CNTVCT_EL0 ticks / timed chain load
L1_k3,6,0.09302325581395349,CNTVCT_EL0 ticks / timed chain load
L1_k3,7,0.09302325581395349,CNTVCT_EL0 ticks / timed chain load
L1_k3,8,0.09302325581395349,CNTVCT_EL0 ticks / timed chain load
L1_k3,9,0.09302325581395349,CNTVCT_EL0 ticks / timed chain load
L1_k3,10,0.09302325581395349,CNTVCT_EL0 ticks / timed chain load
L1_k2,1,0.09302325581395349,CNTVCT_EL0 ticks / timed chain load
L1_k2,2,0.09302325581395349,CNTVCT_EL0 ticks / timed chain load
L1_k2,3,0.09302325581395349,CNTVCT_EL0 ticks / timed chain load
L1_k2,4,0.09302325581395349,CNTVCT_EL0 ticks / timed chain load
L1_k2,5,0.09302325581395349,CNTVCT_EL0 ticks / timed chain load
L1_k2,6,0.09302325581395349,CNTVCT_EL0 ticks / timed chain load
L1_k2,7,0.09302325581395349,CNTVCT_EL0 ticks / timed chain load
L1_k2,8,0.09302325581395349,CNTVCT_EL0 ticks / timed chain load
L1_k2,9,0.09302325581395349,CNTVCT_EL0 ticks / timed chain load
L1_k2,10,0.09302325581395349,CNTVCT_EL0 ticks / timed chain load
L2_candidate_k7,1,0.15503875968992248,CNTVCT_EL0 ticks / timed chain load
L2_candidate_k7,2,0.15503875968992248,CNTVCT_EL0 ticks / timed chain load
L2_candidate_k7,3,0.15503875968992248,CNTVCT_EL0 ticks / timed chain load
L2_candidate_k7,4,0.15503875968992248,CNTVCT_EL0 ticks / timed chain load
L2_candidate_k7,5,0.15503875968992248,CNTVCT_EL0 ticks / timed chain load
L2_candidate_k7,6,0.15503875968992248,CNTVCT_EL0 ticks / timed chain load
L2_candidate_k7,7,0.15503875968992248,CNTVCT_EL0 ticks / timed chain load
L2_candidate_k7,8,0.15503875968992248,CNTVCT_EL0 ticks / timed chain load
L2_candidate_k7,9,0.15503875968992248,CNTVCT_EL0 ticks / timed chain load
L2_candidate_k7,10,0.15503875968992248,CNTVCT_EL0 ticks / timed chain load
L2_candidate_k8,1,0.15503875968992248,CNTVCT_EL0 ticks / timed chain load
L2_candidate_k8,2,0.16279069767441862,CNTVCT_EL0 ticks / timed chain load
L2_candidate_k8,3,0.15503875968992248,CNTVCT_EL0 ticks / timed chain load
L2_candidate_k8,4,0.15503875968992248,CNTVCT_EL0 ticks / timed chain load
L2_candidate_k8,5,0.15503875968992248,CNTVCT_EL0 ticks / timed chain load
L2_candidate_k8,6,0.15503875968992248,CNTVCT_EL0 ticks / timed chain load
L2_candidate_k8,7,0.15503875968992248,CNTVCT_EL0 ticks / timed chain load
L2_candidate_k8,8,0.15503875968992248,CNTVCT_EL0 ticks / timed chain load
L2_candidate_k8,9,0.15503875968992248,CNTVCT_EL0 ticks / timed chain load
L2_candidate_k8,10,0.15503875968992248,CNTVCT_EL0 ticks / timed chain load
