host,vendor,year,workload,repeat,bytes,slot,event,count,chain_loads,per_1000_accesses,enabled_ns,running_ns,minor_faults,major_faults,involuntary_switches
charnwood,Intel,2015,llc_sized,0,8388608,cache_references,cache-references,389208,128000,3040.6875,7396437,7396437,0,0,0
charnwood,Intel,2015,llc_sized,0,8388608,llc_misses,LLC-load-misses,46302,128000,361.734375,5278663,5278663,0,0,0
charnwood,Intel,2015,beyond_llc,0,33554432,stores_or_replacements,L1-dcache-stores,14,128000,0.109375,13115026,13115026,0,0,0
charnwood,Intel,2015,beyond_llc,0,33554432,cache_misses,cache-misses,343046,128000,2680.046875,13056696,13056696,0,0,0
charnwood,Intel,2015,beyond_llc,0,33554432,dtlb_misses,dTLB-load-misses,104455,128000,816.0546875,12899272,12899272,0,0,0
charnwood,Intel,2015,l1_resident,0,16384,llc_loads,LLC-loads,65,128000,0.5078125,296470,296470,0,0,0
charnwood,Intel,2015,l1_resident,0,16384,l1_loads,L1-dcache-loads,128017,128000,1000.1328125,251057,251057,0,0,0
charnwood,Intel,2015,llc_sized,0,8388608,l1_loads,L1-dcache-loads,126750,128000,990.234375,5915902,5915902,0,0,1
charnwood,Intel,2015,llc_sized,0,8388608,llc_loads,LLC-loads,130265,128000,1017.6953125,7014170,7014170,0,0,0
charnwood,Intel,2015,beyond_llc,0,33554432,llc_loads,LLC-loads,156296,128000,1221.0625,12207576,12207576,0,0,0
charnwood,Intel,2015,llc_sized,0,8388608,cache_misses,cache-misses,145358,128000,1135.609375,6132664,6132664,0,0,0
charnwood,Intel,2015,l1_resident,0,16384,l1_misses,L1-dcache-load-misses,238,128000,1.859375,203588,203588,0,0,0
charnwood,Intel,2015,l1_resident,0,16384,dtlb_misses,dTLB-load-misses,0,128000,0.0,209494,209494,0,0,0
charnwood,Intel,2015,llc_sized,0,8388608,l1_misses,L1-dcache-load-misses,150649,128000,1176.9453125,6261202,6261202,0,0,0
charnwood,Intel,2015,l1_resident,0,16384,stores_or_replacements,L1-dcache-stores,14,128000,0.109375,202775,202775,0,0,0
charnwood,Intel,2015,beyond_llc,0,33554432,llc_misses,LLC-load-misses,122726,128000,958.796875,12975910,12975910,0,0,0
charnwood,Intel,2015,beyond_llc,0,33554432,l1_loads,L1-dcache-loads,127576,128000,996.6875,12894224,12894224,0,0,0
charnwood,Intel,2015,l1_resident,0,16384,llc_misses,LLC-load-misses,0,128000,0.0,277927,277927,0,0,0
charnwood,Intel,2015,l1_resident,0,16384,cache_misses,cache-misses,0,128000,0.0,257368,257368,0,0,0
charnwood,Intel,2015,beyond_llc,0,33554432,cache_references,cache-references,428943,128000,3351.1171875,12756651,12756651,0,0,0
charnwood,Intel,2015,l1_resident,0,16384,cache_references,cache-references,387,128000,3.0234375,292783,292783,0,0,0
charnwood,Intel,2015,beyond_llc,0,33554432,l1_misses,L1-dcache-load-misses,213046,128000,1664.421875,12723496,12723496,0,0,1
charnwood,Intel,2015,llc_sized,0,8388608,stores_or_replacements,L1-dcache-stores,14,128000,0.109375,6675975,6675975,0,0,0
charnwood,Intel,2015,llc_sized,0,8388608,dtlb_misses,dTLB-load-misses,33188,128000,259.28125,6645281,6645281,0,0,0
